批次号,产品型号,生产企业,变更(扩展)记录,公告型号,公告批次,品牌,类型,额定质量,总质量,整备质量,燃料种类,排放依据标准,轴数,轴距,轴荷,弹簧片数,轮胎数,轮胎规格,接近离去角,前悬后悬,前轮距,后轮距,识别代号,整车长,整车宽,整车高,货厢长,货厢宽,货厢高,最高车速,额定载客,驾驶室准乘人数,转向形式,准拖挂车总质量,载质量利用系数,半挂车鞍座最大承载质量,企业名称,企业地址,电话号码,传真号码,邮政编码,底盘1,底盘2,底盘3,底盘4,发动机型号,发动机生产企业,发动机商标,排量,功率,备注
第 333 批,ZJW5311GDY,河北驹王专用汽车股份有限公司,第333批,ZJW5311GDY,333,驹王,低温液体运输车,10940,30600,19530,LNG,"GB18285-2005,GB17691-2018国Ⅵ",4,"1800+3775+1400,1800+4275+1400,1800+4575+1400",6440/6940/17220(二轴组),"3/3/-/-,2/2/-/-",12,"315/80R22.518PR,295/80R22.5,12R22.5,12.00R2018PR,11.00R20",19/8,1430/2585,"2015/2015,2035/2035",1850/1850,,11790,2500,3460,,,,80,,2,,,,,河北驹王专用汽车股份有限公司,河北省枣强县富强北路192号,03***99,03***56,053100,ZZ1327N466GF1LK,,,,MT07.29-60,中国重型汽车集团有限公司,,6870,216,"危险货物运输车辆的车辆类型:FL型,运输介质:液化天然气,介质密度为405.2千克/立方米;罐体有效容积为27立方米,采用双层结构,外罐(长×直径)mm:8534×Φ2308,内罐(长×直径)mm:8172×Φ2100;危险货物项类号:2.1.侧面防护装置的材料材质为铝合金;侧面防护采用螺栓连接,后面防护装置的材料材质为Q235,后防护装置采用螺栓连接;后防护装置断面为槽形,尺寸140mm×58mm,离地高度330mm,转向轮装备轮胎爆胎应急防护装置;仅选用1800+4575+1400的轴距,仅选用高顶驾驶室,(安装具有卫星定位功能的行驶记录仪,)安装限速装置限速80Km/h,安装前轮为盘式制动,安装排气管前置;ABS系统生产企业:威伯科汽车控制系统(中国)有限公司,型号:4460046300;仅选用MT07.29-60型发动机,发动机净功率213KW,仅选用装配子午线轮胎.选装增压器;选装护轮板样式."
第 332 批,EQ5180XXYGZ5D,东风商用车新疆有限公司,第332批第324批第318批第311批第308批第292批,EQ5180XXYGZ5D,332,东风,厢式运输车,"9990,10055",18000,7815,柴油,GB17691-2005国Ⅴ,2,"5150,5450,5700,6500,6970,6300",6500/11500,9/10+8,6,"10.00-2018PR,10.00R2018PR,11.00-2016PR,11.00R2018PR,12R22.516PR,295/80R22.518PR","28/21,28/19","1250/3200,1250/3300,1450/3000,1450/3100,1450/3500","1910,1760,1940,1980,2040","1860,1690,1750,1800",,"10150,11050,11920","2400,2500,2550","3760,3890,3990","7800,8600,9600,9700","2200,2300,2430","2400,2500,2600,2700","90,80",,"3,2",,18000,1.30,,东风商用车新疆有限公司,湖北省武汉市经济技术开发区东风大道10号,02***64,02***66,430056,EQ5180XXYGZ5DJ,,,,"YC6JA220-50,YC6A240-50,ISB190 50,ISB210 50,ISD245 50,ISD270 50,ISB220 50","广西玉柴机器股份有限公司,广西玉柴机器股份有限公司,东风康明斯发动机有限公司,东风康明斯发动机有限公司,东风康明斯发动机有限公司,东风康明斯发动机有限公司,东风康明斯发动机有限公司",,"6870,7520,5900,5900,6700,6700,5900","162,177,140,155,180,198,162","随底盘选装驾驶室;选装驾驶室遮阳板,顶部封闭不可开启,总长/前悬/轴距/后悬对应关系:10150/1250(1450)/5700/3200(3000);11050/1250(1450)/6500/3300(3100);11920/1450/6970/3500,防护材料:Q235,连接方式:左右侧面及后下部防护均采用螺栓连接,后部防护断面尺寸(mm):120×60,后防护离地高度(mm):460,ABS型号为:3631010-C2000,生产厂家为:东科克诺尔商用车制动系统(十堰)有限公司.选装消声器前置,限速装置及盘式制动,限速80km/h;底盘发动机对应油耗值均为27.1L/100km;选装后尾灯"
第 332 批,CA1101P40K2L4E5A84,中国第一汽车集团有限公司,第332批第325批第312批第310批第302批第301批第299批第295批第292批,CA1101P40K2L4E5A84,332,解放,平头柴油载货汽车,4995,9510,4320,柴油,"GB17691-2005国Ⅴ,GB3847-2005",2,4200,3600/5910,"7/10+3,3/3+4,3/7+9,3/10+4,3/4+4",6,"8.25-1616PR,8.25R1616PR,8.25R1618PR",21/12,"1155/2215,1200/2170","1640,1665,1800","1590,1740",,7570,"2300,2380,2420","2495,3005,3265","5400,5720","2170,2300",550,115,,3,,,1.20,,中国第一汽车集团有限公司,汽车产业开发区东风大街2259号,04***89,04***86,130011,CA1101P40K2L4BE5A84,,,,WP3.7Q140E50,潍柴动力扬州柴油机有限责任公司,,3660,103,"选装单排驾驶室.选装改侧窗的驾驶室.选装导流罩.选装改侧门的结构.选装同系列新前脸驾驶室.选装不同的后部灯具.选装货箱.选装新结构的货箱.选装新结构的保险杠.仅结构发生改变.选装水箱,选装工具箱.货箱前部选装保护板.侧防护及后下部防护装置的材质为R13钢,连接方式为螺栓连接,后部防护离地高度500mm,断面尺寸为100×50mm.油耗值(L/100km)20.6对应发动机WP3.7Q140E50.ABS生产厂家/型号:浙江万安科技股份有限公司VIEABS-II.选装新结构的挡泥板.选装新前脸的驾驶室.选装新的翼子板结构."
第 332 批,CA5049XXYP40K2L1E5A84,中国第一汽车集团有限公司,第332批第325批第320批第318批第315批第313批第311批第310批第307批第303批第302批第301批第295批第292批,CA5049XXYP40K2L1E5A84,332,解放,厢式运输车,1495,4495,2805,柴油,"GB17691-2005国Ⅴ,GB3847-2005",2,"3300,3600",1850/2645,"7/10+3,3/3+4,3/10+4,3/4+4,3/4+3,7/7+3",6,"7.00-168PR,7.00R168PR,7.50-166PR,7.50R166PR,8.25-166PR,8.25R166PR",21/17,"1150/1548,1155/1543,1200/1498,1150/1248,1155/1243,1200/1198","1650,1665,1706,1800,1510","1540,1590,1658,1740,1475",,5998,"2220,2420,2320,2550","2980,3180,3380,2790","4210,3850","2100,2300,2200,2450","1900,2100,2300,1780",110,,3,,,0.6,,中国第一汽车集团有限公司,汽车产业开发区东风大街2259号,04***89,04***86,130011,CA1049P40K2L1BE5A84,,,,"WP4.1Q160E50,WP3.7Q140E50,CA4DC3-12E5-30","潍柴动力扬州柴油机有限责任公司,潍柴动力扬州柴油机有限责任公司,一汽解放大连柴油机有限公司",,"4088,3660,3000","115,103,91","车厢顶部封闭,不可开启.选装不带导流罩.选装新结构导流罩.选装排半驾驶室.选装改侧窗的驾驶室.选装不同结构的保险杠.选装同系列新前脸驾驶室.选装不同侧门结构的驾驶室.选装不同的后部灯具.选装货箱,仅结构发生改变.车厢选装对开门,多开门,不开门,货箱选装液压尾板.尾板收起状态的水平长度250mm.侧防护及后下部防护装置的材质为R13钢,连接方式为螺栓连接,后部防护离地高度398mm,断面尺寸为100×40mm.油耗值(L/100km)12.4,12.6,12.8对应发动机WP3.7Q140E50,CA4DC3-12E5-30,WP4.1Q160E50.ABS生产厂家/型号:1.广州瑞立科密汽车电子股份有限公司/CM4XL-4S/4M;2.浙江万安科技股份有限公司/VIEABS-II.整车长度mm/前悬mm/轴距mm/后悬mm对应关系为:1.5998/1150/3300/1548,2.5998/1155/3300/1543,3.5998/1200/3300/1498,4.5998/1150/3600/1248,5.5998/1155/3600/1243,6.5998/1200/3600/1198.选装双加油口的油箱.选装新前脸的驾驶室.选装新的翼子板结构.尾板质量为340Kg.后防护和液压尾板联动,避免尾板工作时产生干涉."
第 332 批,FD5181XXYP63K5-4,浙江飞碟汽车制造有限公司,第332批第326批第310批第295批第292批,FD5181XXYP63K5-4,332,飞碟,厢式运输车,11555,18000,6250,柴油,"GB17691-2005国Ⅴ,GB3847-2005",2,"4200,4500,4700,5100",6500/11500,"8/8+8,8/10+7,9/10+10,10/12+9,11/12+8",6,"10.00-2018PR,10.00R2018PR",16/15,1240/2655,"1710,1760,1830,1870","1860,1760,1665,1800",,8995,"2500,2550",3800,6700,"2300,2420",2500,88,,3,,,1.88,,浙江飞碟汽车制造有限公司,浙江省杭州市余杭区留下荆长路33号,05***43,05***36,310023,FD1181P63K5,,,,"YNF40E1,YC4S170-50,WP4.1Q165E50","昆明云内动力股份有限公司,广西玉柴机器股份有限公司,潍柴动力扬州柴油机有限责任公司",,"3920,3767,4088","125,125,120","货箱顶部封闭不可开启.选装前围及灯具,选装视镜风格,选装货箱形式,选装镀铬中网.可选装不带导流罩.后防护材料是Q235A,连接方式为螺栓连接,断面尺寸50×120,离地高度480;侧防护材料是Q235A,连接方式为螺栓连接;发动机型号与油耗值对应关系为:发动机型号YNF40E1,YC4EG170-50,ISF3.8s5168,YC4S170-50,ISF3.8s5154分别对应30.1,29.9,29.8,29.7,29.8,单位L/100km;装具有卫星定位功能的行驶记录仪;ABS型号为4460043200,VIEABS-II,ABS-VI·E,ABS8.8ECU24V,生产厂家为威伯科汽车控制系统(中国)有限公司,浙江万安科技股份有限公司,广州瑞立科密汽车电子股份有限公司,东科克诺尔商用车制动系统(十堰)有限公司.所有尺寸单位mm."
第 332 批,CA5049CCYP40K2L1E5A84,中国第一汽车集团有限公司,第332批第326批第323批第320批第317批第313批第311批第310批第307批第303批第302批第301批第298批第295批第292批,CA5049CCYP40K2L1E5A84,332,解放,仓栅式运输车,1580,4495,2720,柴油,"GB17691-2005国Ⅴ,GB3847-2005",2,"3300,3600",1850/2645,"7/10+3,3/3+4,3/10+4,3/4+4,3/4+3,7/7+3",6,"7.00-168PR,7.00R168PR,7.50-166PR,7.50R166PR,8.25-166PR,8.25R166PR",21/17,"1150/1548,1155/1543,1200/1498","1650,1665,1706,1800,1510","1540,1590,1658,1740,1475",,5998,"2220,2420,2320,2550","2910,3110,3310,2790","4210,3850","2100,2300,2200,2430","410,550",110,,3,,,0.65,,中国第一汽车集团有限公司,汽车产业开发区东风大街2259号,04***89,04***86,130011,CA1049P40K2L1BE5A84,,,,"WP4.1Q160E50,WP3.7Q140E50,CA4DC3-12E5-30","潍柴动力扬州柴油机有限责任公司,潍柴动力扬州柴油机有限责任公司,一汽解放大连柴油机有限公司",,"4088,3660,3000","115,103,91","车厢底板到顶部高度为1900,2100,2300,1780mm.选装不带导流罩.选装新结构的导流罩.选装新结构的货箱.选装单排驾驶室.选装改侧窗的驾驶室.选装不同结构的保险杠.选装同系列新前脸驾驶室.选装不同的后部灯具.选装不同侧门结构的驾驶室.选装新结构的后部货箱.侧防护及后下部防护装置的材质为R13钢,连接方式为螺栓连接,后部防护离地高度398mm,断面尺寸为100×40mm.油耗值(L/100km)12.4,12.6,12.8对应发动机WP3.7Q140E50,CA4DC3-12E5-30,WP4.1Q160E50.ABS生产厂家/型号:1.广州瑞立科密汽车电子股份有限公司/CM4XL-4S/4M;2.浙江万安科技股份有限公司/VIEABS-II.选装液压尾板.尾板收起状态的水平长度250mm.选装双加油口的油箱.选装新前脸的驾驶室.选装新的翼子板结构.尾板质量为340Kg.后防护和液压尾板联动,避免尾板工作时产生干涉."
第 332 批,JGH9400ZC,河北桂华专用车制造有限公司,第332批第324批第320批,JGH9400ZC,332,天骏达,自卸半挂车,"31800,32200,32500",40000,"8200,7800,7500",,,3,"6880+1310+1310,6780+1310+1310,6680+1310+1310,6480+1310+1310,6280+1310+1310",-/24000(三轴组),"-/3/3/3,-/4/4/4,-/7/7/7,-/8/8/8,-/10/10/10,-/12/12/12,-/13/13/13,-/16/16/16,-/-/-/-",12,"11.00R2012PR,12R22.512PR,11R22.512PR","-/13,-/14,-/15,-/17","-/2400,-/2300,-/2100,-/1900",-,"1840/1840/1840,1820/1820/1820",LA99FRZ3×××JGH×××,"13000,12500,12000","2500,2550","2500,2700,2900,3100,3300,3500","12850,12350,11850","2300,2320,2350,2380,2400,2420,2450,2470,2490","600,550,500",,,,,,,16000,河北桂华专用车制造有限公司,河北省邢台市威县高新技术产业开发区振兴大街南段东侧,03***30,03***30,054700,,,,,,,,,,"该车为侧卸,每侧可选4扇门,5扇门,6扇门,选装侧面样式(整车栏板选装竖瓦楞,方管十字花样式),选装立柱内插或外插,选装空气悬架,选装吊开门及下开门结构,选装大梁打孔,选装后部灯具样式,选装号板牌样式,选装前档样式,选装液压油箱安装位置,选装两侧装工具箱或不装工具箱,选装网式工具箱,车长/牵引销至车辆最前端的距离/轴距/后悬尺寸对应关系:13000/1100/6880+1310+1310/2400,13000/1300/6780+1310+1310/2300,13000/1400/6680+1310+1310/2300,12500/1300/6480+1310+1310/2100,12000/1200/6280+1310+1310/1900,ABS:型号:CM2XL-4S/2M;生产厂家:广州瑞立科密汽车电子股份有限公司.防护材料均采用Q235B,与车身的连接方式为焊接,后下部防护装置的断面尺寸(mm):140×60,离地高度480mm."
第 332 批,HFC5181XLCP3K2A57S,安徽江淮汽车集团股份有限公司,第332批第320批,HFC5181XLCP3K2A57S,332,江淮,冷藏车,"9655,9720",18000,8150,柴油,"GB17691-2018国Ⅵ,GB3847-2005",2,5000,6500/11500,"3/9+7,3/4+3,9/9+7",6,"10.00R2018PR,11R22.518PR",18/10,"1400/2640,1400/2900",1920,1800,,"9040,10000",2600,3960,"6800,7800","2420,2440",2550,89,,"3,2",,,1.20,,安徽江淮汽车集团股份有限公司,合肥市东流路176号,05***56,05***71,230022,HFC1181P3K3A50CS,,,,CA6DLD-22E6,中国第一汽车集团有限公司,,6600,164,"1.侧面及后下部防护装置连接方式为螺栓连接,选装液压尾板后防护连接方式为焊接,侧防护材料材质为Q235,后下防护材料材质均为:QSTE650,后防护离地高度为500mm,选装液压尾板后防护离地高度为470mm,断面尺寸长×宽为均为:120mm×70mm;2.安装带卫星定位功能的行驶记录仪;3.发动机CA6DLD-22E6的油耗申报值(L/100km)为26.9;4.ABS控制器型号/生产企业:VIEABS-II/浙江万安科技股份有限公司,CM4XL-4S/4M/广州瑞立科密汽车电子股份有限公司;5.随底盘选装前组合灯、前面罩、前保险杠、导流罩、半高顶驾驶室,车厢顶部封闭,不可开启,选装液压尾板,尾板收起状态的水平长度290mm,起重尾板质量为545kg;6.外形尺寸长/轴距/后悬(mm)的对应关系为:9040/5000/2640,10000/5700/2900;7.可选装功率相当的其它厂家的制冷机组;8.厢体可选装无侧门或1个单侧门."
第 332 批,QDT5250ZXXC6,青岛中汽特种汽车有限公司,第332批第319批,QDT5250ZXXC6,332,青特,车厢可卸式垃圾车,"13425,13490",25000,11380,柴油,"GB3847-2005,GB17691-2018国Ⅵ",3,"4350+1350,4800+1350,5300+1350,5800+1350",7000/18000(二轴组),"12/10,3/10",10,"11.00R20,12R22.5,295/80R22.5",22/24,1400/1220,1928,1878/1878,,8320,2530,3150,,,,89,,"3,2",,,,,青岛中汽特种汽车有限公司,青岛市城阳区祺阳路1号,05***55,(0***55,266109,CA1250P62K1L3T1E6Z,,,,"CA6DK1-26E6,CA6DK1-28E6,CA6DK1-32E6","中国第一汽车集团有限公司,中国第一汽车集团有限公司,中国第一汽车集团有限公司",,"7146,7146,7146","195,209,239","采用4350mm+1350mm轴距底盘。专用装置:拉臂钩,主要用于生活垃圾箱的装运。侧防护栏材质:Q235,连接方式:螺栓连接;车辆后防护装置材质为Q235,断面尺寸为120mmX80mm,螺栓连接,后防离地高490mm。ABS系统型号为CM4XL,生产企业为长春瑞立科密汽车电子有限公司。选装CA6DK1-26E6发动机,对应油耗:32.5;选装CA6DK1-28E6发动机,对应油耗:32.5;选装CA6DK1-32E6发动机,对应油耗:32.5。安装带有卫星定位功能的行驶记录仪。随底盘选装驾驶室外观."
第 332 批,ZZ2047XXYG332CE141,中国重汽集团济南商用车有限公司,第332批第326批第319批,ZZ2047XXYG332CE141,332,豪沃,越野厢式运输车,"814,749",4090,3146,柴油,"GB17691-2005国Ⅴ,GB3847-2005",2,"3160,3280,3360,3600",1555/2535,"3/5+3,8/9+6,11/9+7,9/12+9,11/11+7,3/3+2",6,"7.00R16LT8PR,7.50R16LT6PR,8.25R16LT6PR",19/17,"1160/1675,1160/1555,1160/1475","1605,1805","1555,1595,1795",,5995,"2120,2220,2370,2520","2900,3150,3250,3400","4150,3850","2050,2150,2300,2450","1850,2050,2150,2300",95,,"2,3",,,0.3,,中国重汽集团济南商用车有限公司,山东省济南市英雄山路165号,05***30,(0***00,250002,ZZ2047G332CE144,,,,"ISF2.8s5148T,ISF3.8s5141,ISF3.8s5154,ISF3.8s5168,CY4SK151,NGD3.0-CS5D,MC04.14-50,MC04.16-50","北京福田康明斯发动机有限公司,北京福田康明斯发动机有限公司,北京福田康明斯发动机有限公司,北京福田康明斯发动机有限公司,东风朝阳朝柴动力有限公司,东风朝阳朝柴动力有限公司,中国重型汽车集团有限公司,中国重型汽车集团有限公司",,"2780,3760,3760,3760,3856,2968,3760,3760","110,105,115,125,125,115,105,115","该车不选装底盘的8.25R16LT6PR轮胎。选装单排驾驶室,对应货箱栏板内尺寸长4150mm;选装排半驾驶室,对应货箱栏板内尺寸长3850mm。选装灯具,选装保险杠,选装前面罩,选装后视镜,选装后视镜支架,选装货箱单侧或者双侧单开门、双开门、四开门和不开门结构,选装货厢整体式后尾灯支架,选装导流罩。车厢顶部封闭,不可开启。驾驶室准乘人数与额定载质量参数一一对应,前悬、后悬与轴距参数一一对应。侧面防护装置所用材料材质为Q235A,连接方式为螺栓连接;后部防护装置所用材料材质为Q235A,连接方式为螺栓连接,断面尺寸为100mm×50mm,离地高度为420,430,440,450,460,470,480,490。发动机ISF2.8s5148T对应油耗申报值11.8L/100km,发动机ISF3.8s5141对应油耗申报值12.0L/100km,发动机ISF3.8s5154对应油耗申报值12.0L/100km,发动机ISF3.8s5168对应油耗申报值12.0L/100km,发动机CY4SK151对应油耗申报值12.2L/100km,发动机NGD3.0-CS5D对应油耗申报值11.9L/100km,发动机MC04.14-50对应油耗申报值12.0L/100km,发动机MC04.16-50对应油耗申报值12.0L/100km。ABS系统型号为XH-KQ4S4M-E01,生产企业为广州市西合汽车电子装备有限公司。"
第 332 批,FD5181XXYP63K5-3,浙江飞碟汽车制造有限公司,第332批第326批第312批第310批第295批第292批,FD5181XXYP63K5-3,332,飞碟,厢式运输车,11855,18000,5950,柴油,"GB17691-2005国Ⅴ,GB3847-2005",2,"4200,4500,4700,5100",6500/11500,"8/8+8,8/10+7,9/10+10,10/12+9,11/12+8",6,"10.00-2018PR,10.00R2018PR",16/15,1240/2420,"1710,1760,1830,1870","1860,1760,1665,1800",,8360,2500,3800,6160,2300,2500,88,,3,,,2.02,,浙江飞碟汽车制造有限公司,浙江省杭州市余杭区留下荆长路33号,05***43,05***36,310023,FD1181P63K5,,,,"YNF40E1,YC4S170-50,WP4.1Q165E50","昆明云内动力股份有限公司,广西玉柴机器股份有限公司,潍柴动力扬州柴油机有限责任公司",,"3920,3767,4088","125,125,120","货箱顶部封闭不可开启.选装前围及灯具,选装视镜风格,选装货箱形式,选装镀铬中网.可选装不带导流罩.后防护材料是Q235A,连接方式为螺栓连接,断面尺寸50×120,离地高度480,单位mm;侧防护材料是Q235A,连接方式为螺栓连接,该车仅选装4700轴距.发动机型号与油耗值对应关系为:发动机型号YNF40E1,YC4EG170-50,ISF3.8s5168,YC4S170-50,ISF3.8s5154分别对应30.1,29.9,29.8,29.7,29.8,单位L/100km;应装具有卫星定位功能的行驶记录仪;ABS型号为4460043200,VIEABS-II,ABS-VI·E,ABS8.8ECU24V,生产厂家为威伯科汽车控制系统(中国)有限公司,浙江万安科技股份有限公司,广州瑞立科密汽车电子股份有限公司,东科克诺尔商用车制动系统(十堰)有限公司.所有尺寸单位mm."
第 332 批,HFC5181XXYP3K2A57S5V,安徽江淮汽车集团股份有限公司,第332批第318批第306批第302批第300批第298批第292批,HFC5181XXYP3K2A57S5V,332,江淮,厢式运输车,"9655,9720",18000,8150,柴油,"GB17691-2005国Ⅴ,GB3847-2005",2,"5300,5700",6500/11500,"3/9+7,3/4+3,9/9+7",6,"10.00R20,11R22.5",18/10,"1400/2900,1400/3300","1785,1800,1820,1870,1900,1920,1960","1810,1830,1860",,10000,2550,"3910,4000",7800,"2400,2480","2500,2705","100,89",,"3,2",,,1.20,,安徽江淮汽车集团股份有限公司,合肥市东流路176号,05***56,05***71,230022,HFC5181XXYP3K2A57S5V,,,,JND412D190-52,安徽江淮纳威司达柴油发动机有限公司,,4748,140,"1.侧面及后下部防护装置连接方式为螺栓连接,选装带液压尾板的后下部防护装置连接方式为焊接,侧面防护材料材质为Q235,后防护材料材质为QSTE650,后防护离地高度为500mm,选装带液压尾板的后防护离地高度为400mm,断面尺寸长×宽为:120mm×70mm;2.安装带卫星定位功能的行驶记录仪;3.发动机JND412D190-52的油耗申报值(L/100km)为29.5;4.ABS控制器型号/生产企业:VIEABS-II/浙江万安科技股份有限公司,CM4XL-4S/4M/广州科密汽车电子控制技术股份有限公司;5.随底盘选装导流罩、前组合灯、前雾灯、前面罩、前保险杠,选装高顶驾驶室,选装侧面扶梯及货箱形式,车厢顶部封闭,不可开启;6.选装液压尾板,尾板收起状态的水平长度290mm,起重尾板质量为545kg;7.轴距和后悬(mm)对应关系为5700/2900,5300/3300."
第 332 批,FD1181P63K5-3,浙江飞碟汽车制造有限公司,第332批第326批第311批第310批第295批第292批,FD1181P63K5-3,332,飞碟,载货汽车,12405,18000,5400,柴油,"GB17691-2005国Ⅴ,GB3847-2005",2,"4200,4500,4700,5100",6500/11500,"8/8+8,8/10+7,9/10+10,10/12+9,11/12+8",6,"10.00-2018PR,10.00R2018PR",16/15,1240/2420,"1710,1760,1830,1870","1860,1760,1665,1800",,8360,"2450,2550",2660,6160,"2250,2420",600,88,,3,,,2.33,,浙江飞碟汽车制造有限公司,浙江省杭州市余杭区留下荆长路33号,05***43,05***36,310023,FD1181P63K5,,,,"YNF40E1,YC4S170-50,WP4.1Q165E50","昆明云内动力股份有限公司,广西玉柴机器股份有限公司,潍柴动力扬州柴油机有限责任公司",,"3920,3767,4088","125,125,120","选装前围及灯具,选装视镜风格,选装镀铬中网,后防护材料是Q235A,连接方式为螺栓连接,断面尺寸50×120,离地高度480;侧防护材料是Q235A,连接方式为螺栓连接,选装货箱风格,发动机型号YNF40E1,YC4EG170-50,ISF3.8s5168,YC4S170-50,ISF3.8s5154分别对应油耗申报值为30.1,29.9,29.8,29.7,29.8.应装具有卫星定位功能的行驶记录仪;ABS型号为4460043200,VIEABS-II,ABS-VI·E,ABS8.8ECU24V,生产厂家为威伯科汽车控制系统(中国)有限公司,浙江万安科技股份有限公司,广州瑞立科密汽车电子股份有限公司,东科克诺尔商用车制动系统(十堰)有限公司.选装防护风格及货厢风格,所有尺寸单位mm"
第 332 批,CGC5042TPBHDF33F,成都大运汽车集团有限公司,第332批第329批第325批第321批第319批,CGC5042TPBHDF33F,332,大运,平板运输车,"1735,1800",4495,2565,柴油,"GB3847-2005,GB17691-2018国Ⅵ",2,"3300,3400,3550,3800",1800/2695,"1/1+1,4/3+3,8/10+8,9/11+8,9/9+6,3/5+3,4/5+3,5/6+5,4/6+4,4/9+6",6,"7.00R1610PR,7.50R168PR,8.25R166PR,6.50R16,7.00R168PR,7.50R166PR","20/14,20/14,20/15,20/14,20/14,20/15,20/14,20/14,20/15","1150/1545,1150/1445,1150/1295,1190/1505,1190/1405,1190/1255,1230/1465,1230/1365,1230/1215,1150/1045","1665,1744,1760,1804,1833,1840,1630,1644,1776,1819","1650,1750,1790,1800,1811,1835,1860,1888,1900,1555,1620",,5995,"2200,2340,2400,2550,2300,2430,2450,2500,2550","2450,2600,2300,2350,2400,2430,2500,2550",,,,90,,"3,2",,,0.75,,成都大运汽车集团有限公司,成都市外东西平镇,02***35,02***66,610107,CGC1042HDF33F,,,,"D25TCIF1,D25TCIF2,D30TCIF1,D30TCIF2,D40TCIF1,D40TCIF2,YCY24140-60A,YCY30165-60,YCS04180-68,Q28-130E60,D30TCIF4,D45TCIF2,YCY30150-60","昆明云内动力股份有限公司,昆明云内动力股份有限公司,昆明云内动力股份有限公司,昆明云内动力股份有限公司,昆明云内动力股份有限公司,昆明云内动力股份有限公司,广西玉柴机器股份有限公司,广西玉柴机器股份有限公司,广西玉柴机器股份有限公司,安徽全柴动力股份有限公司,昆明云内动力股份有限公司,昆明云内动力股份有限公司,广西玉柴机器股份有限公司",,"2499,2499,2977,2977,4052,4052,2360,2970,4156,2800,2977,4461,2970","110,96,125,120,135,125,103,121,132,96,105,140,110","选装排半驾驶室;选装前面罩、前部灯具、后组合灯具、前保险杠;选装遮阳罩;选装后视镜及安装位置;选装轮罩。选装龙门架样式,选装平板样式,选装尾梯样式(可不装),尾梯表面可铺装花纹板;选装防护装置样式及连接方式,侧防护装置材料Q235,后防护装置材料Q345B(可选Q235B),连接方式为螺栓连接(可选焊接),下边缘离地高450mm.截面高度和厚度为120mm×30mm(选装120mm×50mm、120mm×60mm)。ABS生产厂家:威伯科汽车控制系统(中国)有限公司,型号:ABS-E4S/4M;浙江万安科技股份有限公司,型号:VIEABS-II;广州瑞立科密汽车电子股份有限公司,型号:CM4XL-4S/4M;芜湖伯特利汽车安全系统有限公司,型号:WBTL-ABS。D25TCIF1、D25TCIF2、D30TCIF1、D30TCIF2、D40TCIF1、D40TCIF2、YCY24140-60A、YCY30165-60、YCS04180-68、Q28-130E60、D30TCIF4、D45TCIF2、YCY30150-60发动机对应油耗值(L/100km)均为11.4。"
第 332 批,YLC9400ZH,梁山亿通工贸有限公司,第332批第322批第318批,YLC9400ZH,332,亿通事业达,自卸半挂车,"32300,32600,32900",40000,"7700,7400,7100",,,3,"3950+1310+1310,3850+1310+1310,3750+1310+1310,3680+1310+1310,3600+1310+1310",-/24000(三轴组),"-/3/3/3,-/4/4/4,-/8/8/8,-/10/10/10,-/12/12/12,-/13/13/13,-/16/16/16,-/-/-/-",12,"11.00R2012PR,12R22.512PR,11R22.512PR","-/21,-/22,-/23,-/24,-/25","-/1380,-/1280,-/1180,-/1050,-/830",-,"1840/1840/1840,1820/1820/1820",LA99FRZ3×××YLC×××,"9000,8500,8000","2500,2550","3250,3350,3450,3550,3650,3750,3950","8300,7800,7300","2300,2350,2400,2450",600,,,,,,,16000,梁山亿通工贸有限公司,山东省济宁市梁山县拳铺镇果园路西首(郭堂村南300米),05***98,05***98,529600,,,,,,,,,,"该车自卸方式为后卸,选装后部灯具样式,选装前部样式,选装侧面样式,选装后翻转座样式,选装空气悬架,选装后门样式,选装液压油箱安装位置.车长/牵引销至车辆最前端的距离/轴距/后悬尺寸对应关系:9000/1050/3950+1310+1310/1380,8500/850/3750+1310+1310/1280,8500/850/3850+1310+1310/1180,8000/730/3600+1310+1310/1050,8000/870/3680+1310+1310/830,ABS系统生产企业:广州瑞立科密汽车电子股份有限公司,ABS型号:CM2XL-4S/2M.防护材料均采用Q235B,与车身的连接方式为焊接,后下部防护装置的断面尺寸(mm):140×50,离地高度480mm."
第 332 批,CNJ5043CCYQDA33V,现代商用汽车(中国)有限公司,第332批第328批第326批第324批第313批第296批,CNJ5043CCYQDA33V,332,南骏,仓栅式运输车,1580,4495,2720,柴油,"GB17691-2005国Ⅴ,GB3847-2005",2,3300,1700/2795,"3/9+7,9/11+8",6,"7.00R1610PR,7.50R168PR,8.25R166PR",22/14,1120/1575,"1755,1775","1604,1640,1700,1800",,5995,"2220,2400,2550","3170,3250","4165,3835","2120,2300,2420","400,550",110,,3,,,0.65,,现代商用汽车(中国)有限公司,成都海峡两岸科技产业开发园区蓉台大道,02***77,(0***19,610041,CHM1043QDA33V,,,,"ISF2.8s5148T,ISF3.8s5154","北京福田康明斯发动机有限公司,北京福田康明斯发动机有限公司",,"2780,3760","110,115","侧、后防护栏材质:Q235,与车辆用螺栓连接,后部防护装置的断面尺寸为:130×30,离地高度为460mm;车厢底板到仓栅顶部高2150;ABS型号/厂家:ABS/ASR-24V-4S/4M,东科克诺尔商用车制动系统(十堰)有限公司;CM4XL-4S/4M,广州瑞立科密汽车电子股份有限公;ISF2.8s5148T油耗12.5,ISF3.8s5154油耗12.6;选装排半驾驶室,对应车厢长3835;可不装前视镜;选装导流罩、车厢结构,选装不同外观车厢;选装前面罩"
第 332 批,CNJ1042QDA33V,现代商用汽车(中国)有限公司,第332批第328批第323批第308批第298批第296批,CNJ1042QDA33V,332,南骏,载货汽车,1495,3940,2250,柴油,"GB17691-2005国Ⅴ,GB3847-2005",2,3300,1490/2450,"3/9+7,9/11+8",6,"7.00R168PR,7.50R166PR",22/14,1120/1575,"1755,1775","1604,1640,1700,1800",,5995,"2220,2400,2550","2420,2500","4165,3835","2120,2300,2420","400,550",110,,3,,,0.75,,现代商用汽车(中国)有限公司,成都海峡两岸科技产业开发园区蓉台大道,02***77,(0***19,610041,CHM1042QDA33V,,,,"ISF2.8s5148T,ISF3.8s5154","北京福田康明斯发动机有限公司,北京福田康明斯发动机有限公司",,"2780,3760","110,115","侧、后防护栏材质:Q235,与车辆用螺栓连接,后部防护装置的断面尺寸为:130×30,离地高度为460mm;ABS型号/厂家:ABS/ASR-24V-4S/4M,东科克诺尔商用车制动系统(十堰)有限公司;CM4XL-4S/4M,广州瑞立科密汽车电子股份有限公司;ISF2.8s5148T油耗12.5,ISF3.8s5154油耗12.6;选装单排驾驶室,对应车厢长4165;可不装前视镜;选装车厢外观、一根横杆侧防护栏;选装前面罩、保险杠"
第 332 批,DFH3310AX3,东风商用车有限公司,第332批第325批第312批第308批第304批第301批第296批,DFH3310AX3,332,东风,自卸汽车,"15870,15370",31000,"15000,15500",柴油,"GB17691-2005国Ⅴ,GB3847-2005",4,1850+2350+1350,6500/6500/18000(二轴组),9/9/13,12,"11.00R2018PR,12.00R2018PR",15/25,"1500/1600,1500/1800",2010/2010,1880/1880,,"8650,8850","2500,2550","3450,3600","5600,5800","2300,2350","900,1200,1500,1100,1150",90,,2,,,"1.06,1.00",,东风商用车有限公司,湖北省武汉市经济技术开发区东风大道10号,02***64,02***66,430056,DFH3310AX3,,,,"YC6L310-58,YC6L330-58","广西玉柴机器股份有限公司,广西玉柴机器股份有限公司",,"8424,8424","228,243","1,货厢倾卸方式为后卸式.2,防护装置所用的材料材质:Q235,防护装置连接方式:螺栓连接,后部防护装置的断面尺寸(长×宽)mm:120×60,离地高度:480mm.3,选装箱体侧板结构、后部结构,驾驶室顶部装饰灯、遮阳罩为选装件,选装防护,选装环保盖,随底盘选装消声器.4,该车装备有具有卫星定位功能的行驶记录仪.5,ABS生产厂家:东科克诺尔商用车制动系统(十堰)有限公司;ABS型号:3631010-C2000."
第 332 批,LSJ9400Z,山东梁山际通专用车制造有限公司,第332批第327批第311批第303批第296批,LSJ9400Z,332,鲁际通,自卸半挂车,"31800,32500",40000,"8200,7500",,,3,"6880+1310+1310,6780+1310+1310,6680+1310+1310,6480+1310+1310,6280+1310+1310",-/24000(三轴组),"-/3/3/3,-/4/4/4,-/5/5/5,-/7/7/7,-/8/8/8,-/10/10/10,-/12/12/12,-/13/13/13,-/16/16/16,-/-/-/-",12,"11.00R2012PR,12R22.512PR,11R22.512PR","-/12,-/13,-/14,-/15,-/16","-/2400,-/2300,-/2100,-/2000,-/1900",-,1840/1840/1840,LA9961XZ×××LSJ×××,"13000,12500,12000","2500,2550","2500,2700,2900,3100,3300,3500,3700,3900","12850,12350,11850","2320,2350,2380,2400,2420,2450,2470","600,500,400,300",,,,,,,16000,山东梁山际通专用车制造有限公司,山东省济宁市梁山县梁山镇工业园区东马路许河头村段,05***88,05***88,272600,,,,,,,,,,"该车为侧卸,侧面选装5开门,6开门,选装前档样式,整车货厢栏板选装竖瓦楞,方管十字花样式,选装吊开门样式,选装竖瓦楞后门结构.选装后组合灯具,选装尾部标识板安装位置.选装液压油箱安装位置,选装空气悬架,选装单侧装工具箱、两侧装工具箱和不装工具箱,车长/牵引销至车辆最前端的距离/轴距/后悬尺寸对应关系:13000/1200/6780+1310+1310/2400,13000/1200/6880+1310+1310/2300,13000/1300/6780+1310+1310/2300,13000/1400/6680+1310+1310/2300,12500/1200/6680+1310+1310/2000,12500/1300/6480+1310+1310/2100,12000/1200/6280+1310+1310/1900;一,ABS:型号:SAD-ABS4S/2M;生产厂家:梁山顺安达汽车科技有限公司.二,防护:防护材料均采用Q235B,与车辆连接方式为焊接.后防:离地高度为470mm,断面为140mmX60mm."
第 332 批,LSJ9400Z,山东梁山际通专用车制造有限公司,第332批第327批第311批第303批第296批,LSJ9400Z,332,鲁际通,自卸半挂车,"31800,32500",40000,"8200,7500",,,3,"6880+1310+1310,6780+1310+1310,6680+1310+1310,6480+1310+1310,6280+1310+1310",-/24000(三轴组),"-/3/3/3,-/4/4/4,-/5/5/5,-/7/7/7,-/8/8/8,-/10/10/10,-/12/12/12,-/13/13/13,-/16/16/16,-/-/-/-",12,"11.00R2012PR,12R22.512PR,11R22.512PR","-/12,-/13,-/14,-/15,-/16","-/2400,-/2300,-/2100,-/2000,-/1900",-,1840/1840/1840,LA9961XZ×××LSJ×××,"13000,12500,12000","2500,2550","2500,2700,2900,3100,3300,3500,3700,3900","12850,12350,11850","2320,2350,2380,2400,2420,2450,2470","600,500,400,300",,,,,,,16000,山东梁山际通专用车制造有限公司,山东省济宁市梁山县梁山镇工业园区东马路许河头村段,05***88,05***88,272600,,,,,,,,,,"该车为侧卸,侧面选装5开门,6开门,选装前档样式,整车货厢栏板选装竖瓦楞,方管十字花样式,选装吊开门样式,选装竖瓦楞后门结构.选装后组合灯具,选装尾部标识板安装位置.选装液压油箱安装位置,选装空气悬架,选装单侧装工具箱、两侧装工具箱和不装工具箱,车长/牵引销至车辆最前端的距离/轴距/后悬尺寸对应关系:13000/1200/6780+1310+1310/2400,13000/1200/6880+1310+1310/2300,13000/1300/6780+1310+1310/2300,13000/1400/6680+1310+1310/2300,12500/1200/6680+1310+1310/2000,12500/1300/6480+1310+1310/2100,12000/1200/6280+1310+1310/1900;一,ABS:型号:SAD-ABS4S/2M;生产厂家:梁山顺安达汽车科技有限公司.二,防护:防护材料均采用Q235B,与车辆连接方式为焊接.后防:离地高度为470mm,断面为140mmX60mm."
第 332 批,LBA6470CQ2A,湖南猎豹汽车股份有限公司,第332批第323批第319批,LBA6470CQ2A,332,猎豹(LEOPAARD),多用途乘用车,,2245,1690,汽油,GB18352.6-2016国Ⅵ,2,2700,1117/1128,-/-,4,"235/45R20,225/60R18",23/25,966/1030,"1635,1625","1635,1625",LM76HCAF×××××××××,4696,1906,1709,,,,185,5,,方向盘,,,,湖南猎豹汽车股份有限公司,长沙经济技术开发区泉塘街道漓湘东路9号,07***82,07***00,410100,承载式车身,,,,CE16,绵阳新晨动力机械有限公司,,1598,147,"发动机净功率135kw;ABS型号:DBC1200;ABS生产厂家:京西重工(上海)有限公司;选装亮面和亚光面轮辋;装配20寸轮胎时,轮距为1635mm;装配18寸轮胎时,轮距为1625mm;选装天窗;后风窗玻璃和后侧风窗玻璃选装灰玻;选装镀铬门扣手、环车影像、雷达。"
第 332 批,CTD9400TWY,安徽天达汽车制造有限公司,第332批第327批第321批第319批第309批第306批第292批第276批,CTD9400TWY,332,皖汽汽车,危险品罐箱骨架运输半挂车,"35600,36000",40000,"4400,4000",,,3,"5500+1310+1310,5750+1310+1310",-/24000(三轴组),-/-/-/-,6,425/65R22.5,-/29,-/1050,-,2040/2040/2040,LA9T31RT×××CTD×××,"10150,10500",2500,"1550,1650",,,,,,,,,,16000,安徽天达汽车制造有限公司,安徽省滁州市南谯区安宁路155号,05***70,05***58,239000,,,,,,,,,,"该车用于运输30英尺危险品罐箱,也可运输30英尺集装箱或普通罐箱.罐箱装运危险品类别:非剧毒化学品及爆炸品;选装侧面大梁结构(开异形孔或不开异形孔的结构).牵引销处车架总高度90mm或150mm或180mm或194mm.车身装备灭火器,接线盘及导静电拖地带;车辆长度/轴距对应关系:10150mm/5500+1310+1310mm,10500mm/5750+1310+1310mm.选装轻型行走机构时整备质量为4000kg;选装后部样式;ABS型号/生产企业:XH-GQ4S2M-E01/广州市西合汽车电子装备有限公司,4005000880/威伯科汽车控制系统(中国)有限公司.侧面及后下部防护装置材料材质:Q235A;侧面防护装置连接方式:螺栓连接;后下部防护装置连接方式:焊接连接;后部防护装置断面尺寸:140×40mm,离地高度:500mm.选装挡泥板.采用适用于牵引危险品运输半挂车的牵引车."
第 332 批,CA5160XXYPK2L5E5A80-3,中国第一汽车集团有限公司,第332批第326批第324批第319批第316批第310批第307批第303批第302批第299批第296批第292批第284批第281批第277批,CA5160XXYPK2L5E5A80-3,332,解放,厢式运输车,"8105,8170,7995,7930",16000,"7700,7875",柴油,"GB17691-2005国Ⅴ,GB3847-2005",2,5700,5600/10400,"7/10+3,4/4+3,3/4+3,7/7+3",6,"9.00R2016PR,10R22.516PR",21/13,"1332/2963,1375/2925","1800,1912","1800,1740",,"9995,10000",2550,3995,"7650,7600","2420,2450","2620,2750","98,89",,"3,2",,,"1.07,1.03",,中国第一汽车集团有限公司,汽车产业开发区东风大街2259号,04***89,04***86,130011,CA5160XXYPK2L5BE5A80-3,,,,"BF4M2012-16E5,BF6M2012-22E5,CA4DLD-18E5,CA4DK1-18E5,CA6DLD-22E5,CA4DK1-18E51,CA6DLD-18E5,CA6DH1-18E5,CA6DH1-22E5,CA4DH1-16E5,CA4DH1-18E5","中国第一汽车集团有限公司,中国第一汽车集团有限公司,一汽解放汽车有限公司无锡柴油机厂,中国第一汽车集团有限公司,一汽解放汽车有限公司无锡柴油机厂,中国第一汽车集团有限公司,一汽解放汽车有限公司无锡柴油机厂,中国第一汽车集团有限公司,中国第一汽车集团有限公司,中国第一汽车集团有限公司,中国第一汽车集团有限公司",,"4040,6060,4400,4764,6600,4764,6600,5700,5700,3800,3800","113,165,134,139,164,139,134,135,165,121,135","车厢顶部封闭,不可开启.选装改前脸的驾驶室.选装不同的翼子板结构.选装平顶驾驶室.选装半高顶驾驶室.选装新前围的驾驶室.选装新结构的保险杠.选装高顶驾驶室.选装新结构的挡泥板.选装货箱,仅结构发生变化.车厢选装液压尾板.尾板收起状态的水平长度290mm.ABS生产厂家/型号:浙江万安科技股份有限公司/VIEABS-II.安装具有卫星定位功能的行驶记录仪.侧防护装置的材质为R13钢,后下部防护装置的材质为SS400钢,连接方式为螺栓连接,后部防护离地高度330mm,断面尺寸为120×85mm.油耗值26.0,26.3对应发动机BF4M2012-16E5,CA4DLD-18E5;油耗值26.4对应发动机BF6M2012-22E5,CA6DLD-22E5,CA6DLD-18E5,CA6DH1-18E5,CA6DH1-22E5;油耗值26.2对应发动机CA4DK1-18E5,CA4DK1-18E51,CA4DH1-16E5,CA4DH1-18E5.前轴选装盘式制动器.选装限速装置,限速89km/h.选装新的前部灯具.尾板质量为550Kg."
第 332 批,TQP9401Z,天津市图强专用汽车制造有限公司,第332批第327批第315批第292批第277批,TQP9401Z,332,图强,自卸半挂车,"31500,32000",40000,"8500,8000",,,3,"6150+1310+1310,5800+1310+1310,5600+1310+1310",-/24000(三轴组),"-/12/12/12,-/10/10/10,-/8/8/8,-/4/4/4",12,"11.00R2012PR,12R22.512PR","-/17,-/19,-/21","-/1930,-/1780,-/1480",-,1840/1840/1840,LA99FRZ3×××TJT×××,"12000,11500,11000","2500,2550","2700,2900,3100","11880,11380,10880","2300,2350,2400,2450",600,,,,,,,16000,天津市图强专用汽车制造有限公司,天津市武清区南蔡村镇京津公路西侧66号,02***96,02***96,301709,,,,,,,,,,"该车为侧卸.侧面选装4扇门,5扇门,6扇门.栏板选装竖瓦楞,方管十字花样式,立柱可选内插,外插样式,选装液压油箱安装位置,选装前部样式.车长/轴距/后悬关系一一对应.一,ABS生产厂家:广州科密制动汽车制动技术开发有限公司.型号:CM2XL-4S/2K(4S/2M).二防护材料均采用Q235B,与车身的连接方式为焊接,后下部防护装置的断面尺寸(mm):140×55,离地高度480mm."
第 332 批,EQ5100XLHGSZ5D,东风商用车有限公司,第332批第318批第316批第312批第310批第300批第295批第292批第290批第277批,EQ5100XLHGSZ5D,332,东风,牵引教练车,,9955,3660,柴油,"GB17691-2005国Ⅴ,GB3847-2005",2,3500,2800/7155,9/11+8,6,9.00-2010PR,23/32,"1445/1080,1245/1280,1445/880,1245/1080",1820,1800,"LGAG19V2×××××××××,LGAT19V2×××××××××","6025,5825",2370,2670,,,,85,,"3,2",方向盘,"9900,10850",,6100,东风商用车有限公司,湖北省武汉市经济技术开发区东风大道10号,02***64,02***66,430056,,,,,"YC4FA115-50,WP2.3NQ130E50","广西玉柴机器股份有限公司,潍柴动力股份有限公司",,"2982,2290","85,96","驾驶室内安装副驾驶制动踏板;YC4FA115-50的净功率为80kw,WP2.3NQ130E50的净功率为92Kw,ABS生产厂家:东科克诺尔商用车制动系统(十堰)有限公司;型号:3631010-C2000.安装具有卫星定位功能的行驶记录仪.选装前脸局部造型变化,选装后部灯具。"
第 332 批,SC5021CCYSAAA6,河北长安汽车有限公司,第332批第326批第324批第319批,SC5021CCYSAAA6,332,长安,仓栅式运输车,495,2190,1370,汽油,GB18352.6-2016国Ⅵ,2,3200,780/1410,-/6,4,175R14LT,38/21,560/1645,1370,1360,,5405,1600,2455,2520,1520,"370,375",110,,2+3,,,0.59,,河北长安汽车有限公司,河北省定州市定曲路,03***79,(0***47,073000,SC1021SAAA6,,,,DAM15KR,哈尔滨东安汽车动力股份有限公司,,1498,85,"根据货厢结构,货厢侧面选装25mm宽度反光标识粘贴样式;选装不同款式前通风格栅,选装去掉前雾灯;选装仓栅样式;发动机净功率80kW;DAM15KR型号发动机对应的油耗值为7.5L/100km;ABS型号:WX80,生产企业:浙江万向精工有限公司;车厢底板到顶部高度1620mm."
第 332 批,CGC2040TPBHDF33F,成都大运汽车集团有限公司,第332批第329批第325批第321批第319批,CGC2040TPBHDF33F,332,大运,越野平板运输车,"995,1060",4165,2975,柴油,"GB3847-2005,GB17691-2018国Ⅵ",2,"2800,2820,3300,3400,3550,3800",1750/2415,"1/1+1,4/3+3,8/10+8,9/11+8,9/9+6,3/5+3,4/6+4,8/11+8,9/10+8,5/6+5,4/5+3,4/9+6",6,"195/70R15LT10PR,6.50R1610PR,7.00R168PR,7.50R166PR,8.25R166PR","20/14,20/14,20/15,20/16","1150/1545,1150/1445,1150/1295,1150/1045","1460,1665,1750,1804,1487,1510,1540,1590,1630,1644,1776,1819","1370,1650,1740,1800,1811,1430,1480,1500,1520,1540,1586",,5995,"2200,2300,2400,2500,2550","2400,2450,2500,2550,2600",,,,90,,"3,2",,,0.40,,成都大运汽车集团有限公司,成都市外东西平镇,02***35,02***66,610107,CGC2040HDF33F,,,,"D25TCIF1,D25TCIF2,D30TCIF1,D30TCIF2,D40TCIF1,D40TCIF2,D20TCIF1,D30TCIF4","昆明云内动力股份有限公司,昆明云内动力股份有限公司,昆明云内动力股份有限公司,昆明云内动力股份有限公司,昆明云内动力股份有限公司,昆明云内动力股份有限公司,昆明云内动力股份有限公司,昆明云内动力股份有限公司",,"2499,2499,2977,2977,4052,4052,1999,2977","110,96,125,120,135,125,93,105","选装排半驾驶室;选装前面罩、前部灯具、后组合灯、前保险杠;选装遮阳罩;选装后视镜及安装位置;选装轮罩;选装龙门架样式,选装平板样式,选装尾梯样式(可不装),尾梯表面可铺装花纹板;选装侧防护装置样式、后防护装置厚度。侧防护装置材料为:Q235,螺栓连接(可选焊接);后防护材料Q345B(可选Q235B),螺栓连接(可选焊接),后防护装置离地高度为430mm,截面高度和厚度为120mm×30mm(选装截面高度和厚度为120mm×50mm、120mm×60mm)。ABS生产厂家:威伯科汽车控制系统(中国)有限公司,型号:ABS-E4S/4M;浙江万安科技股份有限公司,型号:VIEABS-II;广州瑞立科密汽车电子股份有限公司,型号:CM4XL-4S/4M、CM4YK。D20TCIF1、D25TCIF1、D25TCIF2、D30TCIF1、D30TCIF2、D30TCIF4、D40TCIF1、D40TCIF2发动机对应油耗值(L/100km)为11.4、11.4、11.4、11.4、11.4、11.4、11.4、11.4。"
第 332 批,TSW5040GQXB6,扫地王(天津)专用车辆装备有限公司,第332批第319批,TSW5040GQXB6,332,华环,护栏清洗车,500,4495,3800,柴油,"GB3847-2005,GB17691-2018国Ⅵ",2,3360,1800/2695,3/6+6,6,"7.00R16LT8PR,7.50R16LT8PR",21/11,1120/1515,1715,"1590,1800",,5995,"2180,2200",2600,,,,95,,3,,,,,扫地王(天津)专用车辆装备有限公司,天津市蓟县经济开发区盘龙山路1号,(0***01,(0***01,301914,BJ1043V9JDA-01,,,,"Q28-130E60,Q28-130C60","安徽全柴动力股份有限公司,安徽全柴动力股份有限公司",,"2800,2800","96,96","ABS系统控制方式为4S/4M,ABS型号为CM4XL-4S/4M,生产厂家为广州瑞立科密汽车电子股份有限公司。侧面防护采用冷弯型钢/Q235-B,螺栓连接;后防护采用冷弯型钢/Q235-B,螺栓连接。后防护截面高度尺寸100mm,截面宽度尺寸50mm,下边缘离地高度260mm。该车用于城市隔离护栏的清洗作用,主要专用装置为清洗刷、水箱。随底盘选装前围和新logo。"
第 332 批,ZZ4257V384HF1LW,中国重汽集团济南卡车股份有限公司,第332批第327批第324批第318批,ZZ4257V384HF1LW,332,豪沃,危险品牵引车,,25000,"8800,9500",LNG,GB17691-2018国Ⅵ,3,"3800+1400,4200+1400",7000/18000(二轴组),"2/-/-,3/-/-,2/1+-/1+-,3/1+-/1+-",10,"315/80R22.518PR/315/80R22.516PR,295/80R22.5,12R22.5,12.00R2016PR,11.00R20",15/35,"1540/780,1540/750","2022,2041","1870/1870,1830/1830","LZZ1CL3D×××××××××,LZZ1CL3E×××××××××","7520,7920,7490,7890","2496,2550","3230,3565,3670,3745,3850,3940",,,,80,,"2,3",方向盘,"40000,39300",,"16070,16005,15370,15305",中国重汽集团济南卡车股份有限公司,山东省济南市英雄山路165号,05***30,(0***00,250002,,,,,"MT13.40-60,MT13.44-60,MT13.48-60,MT13.52-60","中国重型汽车集团有限公司,中国重型汽车集团有限公司,中国重型汽车集团有限公司,中国重型汽车集团有限公司",,"12419,12419,12419,12419","297,327,356,385","选装普通驾驶室,带导流罩及侧导风板时高度为3565mm,不带时高度为3230mm;选装半高顶驾驶室,带导流罩及侧导风板时高度为3670mm,不带时高度为3565mm;选装高顶驾驶室,带导流罩及侧导风板时高度为3850mm或3940mm,不带时高度为3745mm。选装后鼓包结构驾驶室,选装保险杠,选装前面罩及前组合灯,选装后视镜,选装前下部防护装置,选装踏板,选装车架布置结构可不选装导流罩。选装顶置空调,选装LNG气瓶数量和布置结构,具体为:驾驶室后部2个气瓶,或驾驶室后部1个气瓶,或驾驶室后部和车架左侧各1个气瓶,或车架左侧1个气瓶。外形尺寸长、轴距和前悬/后悬的对应关系为:7520=1540+3800+1400+780,7920=1540+4200+1400+780,7490=1540+3800+1400+750,7890=1540+4200+1400+750。整备质量8800kg对应鞍座最大允许承载质量16070kg(2人)和16005kg(3人),对应准拖挂车总质量40000kg;整备质量9500kg对应鞍座最大允许承载质量15370kg(2人)和15305kg(3人),对应准拖挂车总质量39300kg。发动机MT13.40-60的净功率为294kW,发动机MT13.44-60的净功率为324kW,发动机MT13.48-60的净功率为353kW,发动机MT13.52-60的净功率为382kW。轴距(mm)为3800+1400时,VIN为LZZ1CL3D×××××××××;轴距(mm)为4200+1400时,VIN为LZZ1CL3E×××××××××。ABS系统控制器生产企业/型号为威伯科(上海)管理有限公司/4460046300;选装EBS,EBS系统控制器生产企业/型号为威伯科(上海)管理有限公司/EBS3。安装限速装置,限速80km/h。安装带卫星定位功能的行驶记录仪。转向轮装备轮胎爆胎应急防护装置。后轴采用空气悬架。适用于牵引危险品运输半挂车。"
第 332 批,HFC5181XLCP3K1A50S,安徽江淮汽车集团股份有限公司,第332批第323批第319批,HFC5181XLCP3K1A50S,332,江淮,冷藏车,"9655,9720",18000,8150,柴油,"GB17691-2018国Ⅵ,GB3847-2005",2,"5000,5700",6500/11500,"3/9+7,3/4+3,9/9+7,3/9+3",6,"10.00R2018PR,11R22.518PR,275/80R22.518PR",18/10,"1400/2640,1400/2900","1800,1820,1860,1890,1920",1800,,"9040,10000",2600,3960,"6800,7800","2420,2440","2500,2550",89,,"3,2",,,1.20,,安徽江淮汽车集团股份有限公司,合肥市东流路176号,05***56,05***71,230022,HFC1181P3K2A50KS,,,,"B4.5NS6B220,YCS04200-68","安徽康明斯动力有限公司,广西玉柴机器股份有限公司",,"4500,4156","162,147","1.侧面及后下部防护装置连接方式为螺栓连接,选装液压尾板后防护连接方式为焊接,侧防护材料材质为Q235,后下防护材料材质均为:QSTE650,后防护离地高度为500mm,选装液压尾板后防护离地高度为470mm,断面尺寸长×宽为均为:120mm×70mm;2.安装带卫星定位功能的行驶记录仪;3.发动机B4.5NS6B220油耗申报值(L/100km)为23.1;4.ABS控制器型号/生产企业:VIEABS-II/浙江万安科技股份有限公司,CM4XL-4S/4M/广州瑞立科密汽车电子股份有限公司;5.随底盘选装前组合灯、前面罩、前保险杠、导流罩,车厢顶部封闭,不可开启,选装液压尾板,尾板收起状态的水平长度290mm,起重尾板质量为545kg;6.外形尺寸长/轴距/后悬(mm)的对应关系为:9040/5000/2640,10000/5700/2900;7.可选装功率相当的其它厂家的制冷机组;8.厢体可选装无侧门或1个单侧门."
第 332 批,CA5250XXYPK2L7T3E5A80-3,中国第一汽车集团有限公司,第332批第328批第326批第319批第316批第310批第309批第307批第302批第295批第292批第288批第281批第277批,CA5250XXYPK2L7T3E5A80-3,332,解放,厢式运输车,"14605,14670",25000,10200,柴油,"GB17691-2005国Ⅴ,GB3847-2005",3,"1900+5650,1900+5300,2300+4900",6750/6750/11500,"12/12/10+9,3/3/4+3,7/7/10+3,3/3/10+3",8,"11.00R2018PR,295/80R22.518PR,315/60R22.518PR,315/60R22.520PR",22/10,"1332/3103,1332/3453,1375/3060,1375/3410","1914/1914,1922/1922",1860,,11985,2550,3995,9600,"2420,2450",2600,"98,89",,"3,2",,,1.45,,中国第一汽车集团有限公司,汽车产业开发区东风大街2259号,04***89,04***86,130011,CA1250PK2L7T3BE5A80,,,,"BF6M2012-22E5,CA6DLD-22E5,CA4DK1-22E5","中国第一汽车集团有限公司,一汽解放汽车有限公司无锡柴油机厂,中国第一汽车集团有限公司",,"6060,6600,4764","165,164,165","车厢顶部封闭,不可开启.选装平顶驾驶室.选装半高顶驾驶室.选装高顶驾驶室.选装新前围驾驶室.选装导流罩.选装货箱,仅结构发生变化.选装新结构保险杠.车厢选装液压尾板.尾板收起状态的水平长度290mm.选装新结构的挡泥板.选装不同结构的后处理器安装位置.油耗值35.3,35.0,35.2对应发动机BF6M2012-22E5,CA6DLD-22E5,CA4DK1-22E5.侧防护装置的材质为R13钢,后下部防护装置的材质为SS400钢,连接方式为螺栓连接,后部防护离地高度330mm,断面尺寸为120×85mm.安装具有卫星定位功能的行驶记录仪.整车长度mm/前悬mm/轴距mm/后悬mm对应关系为:1.11985/1332/1900+5650/3103,2.11985/1332/1900+5300/3453,3.11985/1332/2300+4900/3453,4.11985/1375/1900+5650/3060,5.11985/1375/1900+5300/3410,6.11985/1375/2300+4900/3410.ABS生产厂家/型号:浙江万安科技股份有限公司/VIEABS-II.前轴选装盘式制动器.选装限速装置,限速89km/h.选装改前脸的驾驶室.选装不同结构的保险杠.选装不同结构翼子板.尾板质量为550Kg."
第 332 批,DFH5310CCYA1,东风商用车有限公司,第332批第327批第325批第312批第308批第306批第301批第299批第297批第295批第293批第290批第289批第284批第281批第277批,DFH5310CCYA1,332,东风,仓栅式运输车,"17800,17735",31000,13070,柴油,"GB17691-2005国Ⅴ,GB3847-2005",4,"1850+4600+1350,1850+4600+1400,2050+4400+1350,2050+4400+1400,1850+4100+1350,1995+4600+1350",6500/6500/18000(二轴组),"9/9/10,8/8/10,3/3/4,9/9/-,3/3/-,3/3/10,2/2/10,2/2/4,2/2/3,10/10/13,3/3/3,8/8/13",12,"11.00-2016PR,11.00-2018PR,11.00R2016PR,11.00R2018PR,295/80R22.516PR,295/80R22.518PR,12R22.516PR,12R22.518PR","22/9,22/10,13/9","1500/2680,1500/2630,1500/2400,1480/2555","2040/2040,2010/2010","1860/1860,1880/1880",,"11980,11200","2500,2550","3900,3990","9400,9600,8600","2300,2400,2450","800,600",90,,"2,3",,,1.37,,东风商用车有限公司,湖北省武汉市经济技术开发区东风大道10号,02***64,02***66,430056,DFH1310A1,,,,"ISL9.5-315E51A,ISL9.5-340E51A,ISL9.5-360E51A,dCi350-51,dCi385-51,dCi420-51,DDi75S315-50,DDi75S350-50,ISL9.5-400E51A,dCi450-51,dCi465-51","东风康明斯发动机有限公司,东风康明斯发动机有限公司,东风康明斯发动机有限公司,东风商用车有限公司,东风商用车有限公司,东风商用车有限公司,东风商用车有限公司,东风商用车有限公司,东风康明斯发动机有限公司,东风商用车有限公司,东风商用车有限公司",,"9460,9460,9460,11120,11120,11120,7530,7530,9460,11120,11120","232,251,268,257,283,309,232,257,295,323,343","随底盘选装高度不同的驾驶室,选装驾驶室前面罩和前面罩装饰胶条,选装驾驶室顶部""东风商用车""字样,高顶驾驶室顶部气喇叭为选装件,侧窗选装树脂装饰板,前雾灯为选装件,随底盘选装顶部装饰灯,随底盘选装驾驶室及对应灯具和后视镜;选装底盘布置,消声器可选装右置,选装油箱位置;选装单油箱,双油箱或双腔油箱,选装驻车空调电瓶,选装不同材质储气筒;前轴可选装盘式制动器;货厢底板到货厢顶部高度为2400mm,2500mm,2620mm;选装箱体结构和后门;侧防护:材质Q235,连接方式螺栓连接.后下防护:材质Q235.连接方式螺栓连接,断面尺寸120×60mm,离地高度460mm;安装具有卫星定位功能的行驶记录仪;ABS型号/生产厂家:3631010-C2000/东科克诺尔商用车制动系统(十堰)有限公司,ABS8/东科克诺尔商用车制动系统(十堰)有限公司;外形尺寸长/轴距/前悬/后悬/接近角/离去角对应关系:11980/1850+4600+1350(2050+4400+1350)/1500/2680/22/9,11980/1850+4600+1400(2050+4400+1400)/1500/2630/22/9,11200/1850+4100+1350/1500/2400/22/10,11980/1995+4600+1350/1480/2555/13/9."
第 332 批,EQ5140XXYL9BDFAC,东风汽车股份有限公司,第332批第328批第308批第294批第292批第283批第277批,EQ5140XXYL9BDFAC,332,东风,厢式运输车,7940,14060,5925,柴油,"GB17691-2005国Ⅴ,GB3847-2005",2,4700,4860/9200,8/10+7,6,8.25R20,18/12.8,1230/2467,"1858,1891",1806,,8397,2550,3655,6200,"2420,2470",2500,"110,89",,3,,,1.37,,东风汽车股份有限公司,湖北省武汉市经济技术开发区珠山湖大道663号,02***43,02***10,441004,EQ1140LJ9BDF,,,,YC4S170-50,广西玉柴机器股份有限公司,,3767,125,"车厢顶部封闭,不可开启,选装平板结构厢体和瓦楞板结构厢体.选装保温复合板,侧面选装不开门或单开门或双开门.驾驶室顶部选装导流罩及样式.ABS系统生产厂家,型号:焦作博瑞克控制技术有限公司,JABS;襄阳东风隆诚机械有限责任公司,ABS/ASR-24V-4S/4M.应装具有卫星定位功能的行驶记录仪,侧面防护装置材料为Q235,后下部防护材料为D510L,与车架采用螺栓连接.后下部防护装置断面尺寸(mm):120×60,离地高度:480mm.随底盘选装铝合金油箱,遮阳罩,绿色滤光带,踏步.选装液压尾板,收起状态的水平长度为290mm.随底盘选装高顶驾驶室.选装限速装置时最高车速为:89km/h."
第 332 批,EQ5140CCYL9BDFAC,东风汽车股份有限公司,第332批第328批第308批第294批第292批第283批第277批,EQ5140CCYL9BDFAC,332,东风,仓栅式运输车,8180,14060,5685,柴油,"GB17691-2005国Ⅴ,GB3847-2005",2,4700,4860/9200,8/10+7,6,8.25R20,18/12.8,1230/2467,"1858,1891",1806,,8397,"2500,2550",3655,6200,2420,600,"110,89",,3,,,1.47,,东风汽车股份有限公司,湖北省武汉市经济技术开发区珠山湖大道663号,02***43,02***10,441004,EQ1140LJ9BDF,,,,YC4S170-50,广西玉柴机器股份有限公司,,3767,125,"车厢底板至顶部的高度为:2500mm,选装箱体侧板结构及后门(加强筋内置,加强筋外置),选装五开门和七开门结构,选装导流罩及样式,ABS系统生产厂家,型号:焦作博瑞克控制技术有限公司,JABS;襄阳东风隆诚机械有限责任公司,ABS/ASR-24V-4S/4M.应装具有卫星定位功能的行驶记录仪,侧面防护装置材料为Q235,后下部防护材料为D510L,与车架采用螺栓连接.后下部防护装置断面尺寸(mm):120×60,离地高度:480mm.随底盘选装铝合金油箱,遮阳罩,绿色滤光带,踏步.随底盘选装高顶驾驶室.选装限速装置时最高车速为:89km/h."
第 332 批,EQ1140L9BDF,东风汽车股份有限公司,第332批第328批第321批第294批第292批第283批第277批,EQ1140L9BDF,332,东风,载货汽车,8505,14060,5360,柴油,"GB17691-2005国Ⅴ,GB3847-2005",2,4700,4860/9200,8/10+7,6,8.25R20,18/12.8,1230/2467,"1858,1891",1806,,8397,"2500,2550","2830,3250",6200,2420,600,"110,89",,3,,,1.62,,东风汽车股份有限公司,湖北省武汉市经济技术开发区珠山湖大道663号,02***43,02***10,441004,EQ1140LJ9BDF,,,,YC4S170-50,广西玉柴机器股份有限公司,,3767,125,"选装箱体结构,侧板及后门(加强筋内置,加强筋外置),选装五开门货厢或七开门货厢.ABS系统生产厂家,型号:焦作博瑞克控制技术有限公司,JABS;襄阳东风隆诚机械有限责任公司,ABS/ASR-24V-4S/4M.应安装具有卫星定位功能的行驶记录仪,侧面防护装置材料为Q235,后下部防护材料为D510L,与车架采用螺栓连接.后下部防护装置断面尺寸(mm):120×60,离地高度:480mm.随底盘选装铝合金油箱,遮阳罩,绿色滤光带,踏步.选装高顶驾驶室.选装限速装置时最高车速为:89km/h."
第 332 批,HFC5161XXYP3K1A57S3V,安徽江淮汽车集团股份有限公司,第332批第326批第319批第308批第302批第298批第295批第292批第288批第284批第276批第273批,HFC5161XXYP3K1A57S3V,332,江淮,厢式运输车,"8505,8570",16000,7300,柴油,"GB17691-2005国Ⅴ,GB3847-2005",2,"5700,5300",5600/10400,"9/9+7,3/9+7,3/4+3",6,"9.00R20,10R22.5",18/10,"1400/2900,1400/3300","1800,1820,1870",1800,,10000,2550,3830,7770,"2400,2480",2500,"100,89",,"3,2",,,1.19,,安徽江淮汽车集团股份有限公司,合肥市东流路176号,05***56,05***71,230022,HFC5161XXYP3K1A57S3V,,,,"WP4.165E50,WP4.1Q160E50","潍柴(潍坊)中型柴油机有限公司,潍柴动力扬州柴油机有限责任公司",,"4500,4088","121,115","1.选装多种货箱形式及扶梯,选装多种导流罩样式和液压尾板,尾板收起状态的水平长度290mm,起重尾板质量为545kg,车厢顶部封闭,不可开启;2.侧面及后下部防护装置连接方式为螺栓连接,选装液压尾板后防护连接方式为焊接,侧防护材料材质为Q235,后下防护材料材质均为:QSTE650,后防护离地高度为500mm,选装液压尾板后防护离地高度为470mm,断面尺寸长×宽为均为:120mm×70mm;3.安装带卫星定位功能的行驶记录仪;4.发动机WP4.165E50,WP4.1Q160E50发动机对应的油耗申报值(L/100km)分别为26.5,26.5;5.ABS控制器型号/生产企业:VIEABS-II/浙江万安科技股份有限公司,CM4XL-4S/4M/广州科密汽车电子控制技术股份有限公司;6.前组合灯、前雾灯、前面罩、前保险杠;7.轴距/前后悬对应关系为:5700/1400/2900,5300/1400/3300;8.该车型可选装ETC车载装置,选装号牌板结构."
第 332 批,CFJ9400TJZ,四平市奋进专用汽车有限公司,第332批第328批第321批第318批第313批第298批第294批第292批第288批第273批,CFJ9400TJZ,332,旭达,集装箱运输半挂车,"33500,33800",40000,"6500,6200",,,3,"7080+1310+1310,7180+1310+1310,6980+1310+1310,6880+1310+1310,6780+1310+1310,7280+1310+1310",-/24000(三轴组),"-/8/8/8,-/10/10/10,-/4/4/4,-/-/-/-",12,"11.00R2012PR,11R22.512PR,12R22.512PR,11.00R2014PR,11R22.516PR,12R22.514PR",-/15,"-/1850,-/2150,-/1650",-,1840/1840/1840,"LA9HGGJ3×××SFJ×××,LB9HGGJ3×××SFJ×××,LC9HGGJ3×××SFJ×××",12580,"2480,2550","1450,1550,1650",,,,,,,,,,16000,四平市奋进专用汽车有限公司,吉林省四平市经济开发区2799号,04***52,04***45,136001,,,,,,,,,,"该车用于运输40英尺集装箱,该车为小鹅颈结构,牵引销处的车架总高度为200mm.选装前端横梁样式及鹅脖高度,高度可选210mm,190mm,180mm,160mm,其中后悬2150mm只对应轴距6780mm+1310mm+1310mm使用.选装挡泥板样式,ABS系统生产厂家为威伯科汽车控制系统(中国)有限公司,型号为40050008104S2M,侧面防护和后防护材料均为Q235B材质钢板,侧防护与车身为:焊接,后防护与车身为:焊接,后防护主要尺寸参数140×60mm,离地高度490mm."
第 332 批,LYL9402Z,梁山亚隆机械制造有限公司,第332批第328批第315批第292批第288批第273批,LYL9402Z,332,粱锋,自卸半挂车,"31700,32000,32300",40000,"8300,8000,7700",,,3,"5430+1310+1310,5080+1310+1310,4980+1310+1310",-/24000(三轴组),"-/12/12/12,-/10/10/10,-/8/8/8,-/4/4/4",12,"11.00R2012PR,12R22.512PR","-/14,-/15,-/17","-/2150,-/2050,-/1700",-,1840/1840/1840,LA996RZC×××SYL×××,"11500,11000,10500","2500,2550","2700,2900,3100","11350,10850,10350","2300,2340,2400,2450,2470",600,,,,,,,16000,梁山亚隆机械制造有限公司,山东省梁山县拳铺工业园区四通路6号,05***00,05***00,272613,,,,,,,,,,"该车为侧卸.侧面选装4开扇,5开扇,6开扇.立柱可选内插和外插;栏板选装竖瓦楞,方管十字花样式,选装液压油箱安装位置,选装前档样式.一,ABS:型号:SAD-ABS4S/2M;生产厂家:梁山顺安达汽车科技有限公司.二,防护材料均采用Q235B,与车身的连接方式为焊接,后下部防护装置的断面尺寸(mm):140×55,离地高度490mm."
第 332 批,SKW9404GXH,山东盛润汽车有限公司,第332批第328批第321批第315批第307批第298批第292批第289批第276批第273批第267批,SKW9404GXH,332,盛润,下灰半挂车,"31090,31900",40000,"8910,8100",,,3,5280+1310+1310,-/24000(三轴组),"-/4/4/4,-/8/8/8,-/10/10/10",12,"11.00R2012PR,12R22.512PR,11R22.516PR",-/40,-/800,-,1840/1840/1840,"LA99FRG3×××SKW×××,LB99FRG3×××SKW×××,LC99FRG3×××SKW×××,LD99FRG3×××SKW×××,LE99FRG3×××SKW×××,LF99FRG3×××SKW×××","10100,9300",2500,3995,,,,-,,,,,-,16000,山东盛润汽车有限公司,山东省梁山县拳铺工业园区(通亚路1号),05***16,05***89,272613,,,,,,,,,,
第 332 批,HFC5161XXYP3K1A57S2V,安徽江淮汽车集团股份有限公司,第332批第324批第313批第309批第302批第298批第295批第292批第288批第283批第276批第273批,HFC5161XXYP3K1A57S2V,332,江淮,厢式运输车,"8505,8570",16000,7300,柴油,"GB17691-2005国Ⅴ,GB3847-2005",2,"5700,5300",5600/10400,"9/9+7,3/9+7",6,"9.00R20,10R22.5",18/10,"1400/2900,1400/3300","1800,1820,1870",1800,,10000,2550,"3830,4000",7770,"2400,2480","2500,2705","100,89",,"3,2",,,1.19,,安徽江淮汽车集团股份有限公司,合肥市东流路176号,05***56,05***71,230022,HFC5161XXYP3K1A57S2V,,,,"YC4EG170-50,YC4S160-50,YC4EG185-50,YC4EG200-50","广西玉柴机器股份有限公司,广西玉柴机器股份有限公司,广西玉柴机器股份有限公司,广西玉柴机器股份有限公司",,"4730,3767,4730,4730","125,118,136,147","1.随底盘选装驾驶室,选装前面罩、前组合灯、前保险杠和后视镜,选装多种货箱形式及扶梯,选装导流罩,选装液压尾板,尾板收起状态的水平长度290mm,起重尾板质量为545kg,车厢顶部封闭,不可开启;2.侧面及后下部防护装置连接方式为螺栓连接,选装液压尾板后防护连接方式为焊接,侧防护材料材质为Q235,后下防护材料材质均为:QSTE650,后防护离地高度为500mm,选装液压尾板后防护离地高度为470mm,断面尺寸长×宽为均为:120mm×70mm;3.安装带卫星定位功能的行驶记录仪;4.发动机YC4EG170-50,YC4S160-50,YC4EG185-50;YC4EG200-50的油耗申报值(L/100km)分别为26.5,26.5,26.5,26.5;5.ABS控制器型号/生产企业:VIEABS-II/浙江万安科技股份有限公司,CM4XL-4S/4M/广州科密汽车电子控制技术股份有限公司;6.轴距/前悬/后悬对应关系为:5700/1400/2900,5300/1400/3300;7.随底盘选装高顶驾驶室."
第 332 批,SX33106C3862,陕西汽车集团有限责任公司,第332批第326批第320批第317批第315批第308批第298批第292批第277批,SX33106C3862,332,陕汽,自卸汽车,15370,31000,15500,柴油,"GB17691-2005国Ⅴ,GB3847-2005",4,"1800+2975+1400,1800+3175+1400,1800+3375+1400,1800+3575+1400,1800+3775+1400,1800+3975+1400,1800+4175+1400,1800+4575+1400,1800+4775+1400,1800+4975+1400,1950+3225+1400,1950+3425+1400,1950+4025+1400,1950+3625+1400,1950+3825+1400,1950+4225+1400,1950+",6500/6500/18000(二轴组),"左14右13/左14右13/12,10/10/10,14/14/12,14/13/12,10/10/12",12,"11.00-2018PR,12.00-2018PR,11.00R2018PR,12.00R2018PR,12R22.518PR",15/20,1525/2100,"2011/2011,2036/2036",1860/1860,,10600,"2490,2550",3450,7800,"2300,2350","1050,1500",80,,2,,,1.00,,陕西汽车集团有限责任公司,西安市幸福北路39号,09***42,09***42,710043,SX3310XC6,,,,"WP10.350E53,WP12.375E50,WP12.430E50,ISM11E5 345,ISM11E5 385,ISM11E5 420,ISM11E5 440,WP9H336E50,WP10H350E50,WP10H375E50,WP12.400E50,WP12.460E50,WP10.5H400E50,WP10.5H430E50","潍柴动力股份有限公司,潍柴动力股份有限公司,潍柴动力股份有限公司,西安康明斯发动机有限公司,西安康明斯发动机有限公司,西安康明斯发动机有限公司,西安康明斯发动机有限公司,潍柴动力股份有限公司,潍柴动力股份有限公司,潍柴动力股份有限公司,潍柴动力股份有限公司,潍柴动力股份有限公司,潍柴动力股份有限公司,潍柴动力股份有限公司",,"9726,11596,11596,10800,10800,10800,10800,8800,9500,9500,11596,11596,10500,10500","257,276,316,250,280,301,324,247,257,276,294,338,294,316","1,在轴距为1800+3775+1400(mm)及1950+3625+1400(mm)底盘上改装.2,该车自卸方向为后翻.3,选装货箱栏板外观,选装折叠式篷布顶盖,环保盖.4,侧后防护所用材料:Q235;连接方式:螺栓连接;后防护断面宽度(mm):50×120;后防护离地高度(mm):440.5,安装带卫星定位功能的行驶记录仪.6,ABS系统生产厂家及型号分别为:西安正昌电子有限责任公司(型号:ZQFB-V),广州市科密汽车制动技术开发有限公司(型号:CM4XL-4S/4K),浙江万安科技股份有限公司(型号:VIEABS-Ⅱ).7.油耗申报值均为46.9L/100km.8.选装横向稳定杆.9.选装前组合灯具、前保险杠、无上车踏板护板、驾驶室外观、进气扁管和油箱位置."
第 332 批,SX32506B434,陕西汽车集团有限责任公司,第332批第326批第320批第317批第315批第314批第308批第298批第292批第277批,SX32506B434,332,陕汽,自卸汽车,12370,25000,12500,柴油,"GB17691-2005国Ⅴ,GB3847-2005",3,"3575+1400,3775+1400,3975+1400,4175+1400,4375+1400,4575+1400,4775+1400",7000/18000(二轴组),10/12,10,"11.00-2018PR,12.00-2018PR,11.00R2018PR,12.00R2016PR",17/28,1525/2000,"2011,2036",1860/1860,,9300,"2490,2550",3450,6500,"2300,2350","1015,1500,1100",86,,2,,,1.00,,陕西汽车集团有限责任公司,西安市幸福北路39号,09***42,09***42,710043,SX3250XB4,,,,"WP7.300E51,WP10.350E53,WP12.375E50,ISM11E5 345,ISM11E5 385,WP9H336E50,WP10H350E50,WP10H375E50,WP12.400E50,WP10.336E53,WP12.430E50,WP10.310E53,ISM11E5 420,ISM11E5 440","潍柴动力股份有限公司,潍柴动力股份有限公司,潍柴动力股份有限公司,西安康明斯发动机有限公司,西安康明斯发动机有限公司,潍柴动力股份有限公司,潍柴动力股份有限公司,潍柴动力股份有限公司,潍柴动力股份有限公司,潍柴动力股份有限公司,潍柴动力股份有限公司,潍柴动力股份有限公司,西安康明斯发动机有限公司,西安康明斯发动机有限公司",,"7470,9726,11596,10800,10800,8800,9500,9500,11596,9726,11596,9726,10800,10800","220,257,276,250,280,247,257,276,294,247,316,228,301,324","1.仅在轴距为4375+1400(mm)底盘上改装.2.该车自卸方向为后翻.3.选装货箱栏板外观.4.选装环保篷布和环保盖、进气扁管、右置油箱位置.5.选装整体式侧防护.侧后防护所用材料:Q235;连接方式:螺栓连接;后防护断面宽度(mm):50×120;后防护离地高度(mm):440.6.油耗申报值均为42.2L/100km.7.安装带卫星定位功能的行驶记录仪.8.ABS系统生产厂家及型号分别为:西安正昌电子有限责任公司(型号:ZQFB-V),广州市科密汽车制动技术开发有限公司(型号:CM4XL-4S/4K),浙江万安科技股份有限公司(型号:VIEABS-Ⅱ).9.选装横向稳定杆.10.选装驾驶室外观、前组合灯具、前保险杠、无上车踏板护板"
第 332 批,CA5160XYKPK2L5E5A80,中国第一汽车集团有限公司,第332批第326批第324批第319批第316批第312批第310批第308批第302批第295批第292批第284批第281批第277批,CA5160XYKPK2L5E5A80,332,解放,翼开启厢式车,"7985,8050",16000,7820,柴油,"GB17691-2005国Ⅴ,GB3847-2005",2,5700,5600/10400,"7/10+3,4/4+3,3/4+3,7/7+3",6,"9.00R2016PR,10R22.516PR",21/13,"1332/2963,1375/2920","1800,1912","1800,1740",,9995,2550,3995,7650,2450,2550,"98,89",,"3,2",,,1.04,,中国第一汽车集团有限公司,汽车产业开发区东风大街2259号,04***89,04***86,130011,CA5160XXYPK2L5BE5A80-3,,,,"BF4M2012-16E5,BF6M2012-22E5,CA4DLD-18E5,CA4DK1-18E5,CA6DLD-22E5,CA4DK1-18E51,CA6DLD-18E5,CA6DH1-18E5,CA6DH1-22E5,CA4DH1-16E5,CA4DH1-18E5","中国第一汽车集团有限公司,中国第一汽车集团有限公司,一汽解放汽车有限公司无锡柴油机厂,中国第一汽车集团有限公司,一汽解放汽车有限公司无锡柴油机厂,中国第一汽车集团有限公司,一汽解放汽车有限公司无锡柴油机厂,中国第一汽车集团有限公司,中国第一汽车集团有限公司,中国第一汽车集团有限公司,中国第一汽车集团有限公司",,"4040,6060,4400,4764,6600,4764,6600,5700,5700,3800,3800","113,165,134,139,164,139,134,135,165,121,135","厢体顶部封闭,不可开启,顶板与侧翼板固定连接在一起开启.选装改前脸的驾驶室.选装平顶驾驶室.选装半高顶驾驶室.选装新前围的驾驶室.选装新结构的挡泥板.选装新结构的保险杠.选装高顶驾驶室.选装新结构的后部货箱.顶板与侧翼板刚性连接,可开启90度.选装瓦楞式车厢,平板两截栏板式车厢及瓦楞板两截栏板式车厢.选装不分截式货箱.车厢选装液压尾板.尾板收起状态的水平长度290mm.ABS生产厂家/型号:浙江万安科技股份有限公司/VIEABS-II.安装具有卫星定位功能的行驶记录仪.侧防护装置材质为R13钢,连接方式为螺栓连接,后下部防护装置的材质为SS400钢,连接方式为螺栓连接,后部防护离地高度330mm,断面尺寸为120×85mm.油耗值26.0,26.3对应发动机BF4M2012-16E5,CA4DLD-18E5;油耗值26.4对应发动机BF6M2012-22E5,CA6DLD-22E5,CA6DLD-18E5,CA6DH1-18E5,CA6DH1-22E5;油耗值26.2对应发动机CA4DK1-18E5,CA4DK1-18E51,CA4DH1-16E5,CA4DH1-18E5.前轴选装盘式制动器.选装限速装置,限速89km/h.驾驶室侧面选装新的喷涂.选装不同的翼子板结构.选装新的前部灯具.尾板质量为550Kg."
第 332 批,EQ5162XXYL9BDHAC,东风汽车股份有限公司,第332批第328批第309批第294批第292批第288批第283批第277批,EQ5162XXYL9BDHAC,332,东风,厢式运输车,8710,15995,7090,柴油,"GB17691-2005国Ⅴ,GB3847-2005",2,5600,5600/10395,8/10+7,6,"9.00R20,275/80R22.516PR,275/80R22.5",19/11,"1230/3165,1230/3485","1949,1858","1865,1806",,"9995,10315",2550,"3760,3910","7680,8000","2420,2470","2500,2650","110,89",,3,,,1.25,,东风汽车股份有限公司,湖北省武汉市经济技术开发区珠山湖大道663号,02***43,02***10,441004,EQ5162XXYLJ9BDH,,,,"YC4EG185-50,ISB180 50","广西玉柴机器股份有限公司,东风康明斯发动机有限公司",,"4730,5900","136,132","车厢顶部封闭,不可开启,选装平板结构厢体和瓦楞板结构厢体.侧面选装不开门或单开门或双开门.驾驶室顶部选装导流罩及样式.ABS系统生产厂家,型号:焦作博瑞克控制技术有限公司,JABS;襄阳东风隆诚机械有限责任公司,ABS/ASR-24V-4S/4M.应安装具有卫星定位功能的行驶记录仪,侧面防护装置材料为Q235,后下部防护材料为D510L,与车架采用螺栓连接.后下部防护装置断面尺寸(mm):120×60,离地高度:480mm.该车YC4EG185-50和ISB18050发动机油耗均为:26.3L/100km.随底盘选装高顶驾驶室.选装展铝合金油箱,遮阳罩,绿色滤光带,踏步,选装液压尾板,收起状态的水平长度为290mm.选装后门2杆4杆锁,侧门2杆4杆锁,选装限速装置时最高车速为:89km/h."
第 332 批,ZZ5316XXYN466GE1,中国重汽集团济南商用车有限公司,第332批第328批第326批第315批第311批第292批第277批,ZZ5316XXYN466GE1,332,汕德卡,厢式运输车,"19070,19005",31000,11800,柴油,GB17691-2005国Ⅴ,4,"1800+3800+1350,1800+3775+1400,1800+4600+1350,1800+4575+1400,2100+4300+1350,2100+4275+1400,1800+3200+1350,1800+3175+1400,2200+4200+1350",6500/7000/17500(二轴组),"3/3/4,3/3/5,3/3/10,11/11/10,11/11/12,3/3/-",12,"11.00R2018PR,12R22.518PR,295/80R22.518PR","16/15,16/14","1430/2710,1430/2685,1430/2820,1430/2795","2015/2015,2035/2035","1830/1830,1850/1850",,"11090,12000",2550,3980,"8600,9520","2420,2500","2500,2600,2700","110,89",,"2,3",,,1.62,,中国重汽集团济南商用车有限公司,山东省济南市英雄山路165号,05***30,(0***00,250002,ZZ1316N466GE1,,,,"MC07.28-50,MC07.31-50,MC07.34-50,MC07.35-50,MC07H.35-50","中国重型汽车集团有限公司,中国重型汽车集团有限公司,中国重型汽车集团有限公司,中国重型汽车集团有限公司,中国重型汽车集团有限公司",,"6870,6870,6870,6870,7360","206,228,248,254,257","选装驾驶室。选装导流罩。选装保险杠。选装货厢外观结构。可不选装遮阳罩。可不选装后风窗。车厢顶部封闭,不可开启。额定载质量与驾驶室准乘人数一一对应。后悬与底盘轴距参数一一对应。侧面防护装置所用材料材质为Q235B,连接方式为螺栓连接;后部防护装置所用材料材质为Q235B,连接方式为螺栓连接,断面尺寸为120mm×120mm,离地高度为490mm。选装液压尾板,质量465kg,尾板收起水平长度295mm。选装液压尾板时选装圆柱形后防护装置,所用材料材质为Q235B,连接方式为螺栓连接,断面尺寸为φ120mm,离地高度为490mm。发动机MC07.28-50对应油耗申报值37.4L/100km,发动机MC07.31-50对应油耗申报值37.4L/100km,发动机MC07.34-50对应油耗申报值37.4L/100km,发动机MC07.35-50对应油耗申报值37.4L/100km,发动机MC07H.35-50对应油耗申报值37.0L/100km。安装MC07.28-50,MC07.31-50,MC07.34-50,MC07H.35-50发动机时,选装限速装置,限速89km/h。ABS系统型号为4460046300,生产企业为威伯科汽车控制系统(中国)有限公司。安装具有卫星定位功能的行驶记录仪。"
第 332 批,EQ1120GZ5D,东风商用车新疆有限公司,第332批第311批第308批第296批第291批第284批第278批,EQ1120GZ5D,332,东风,载货汽车,"6490,6555",12495,5810,柴油,GB17691-2005国Ⅴ,2,"3650,3800,3950,4200,4500,4700,5150,3400,3600",4990/7505,9/10+8,6,"9.00-2014PR,9.00R2014PR,10R22.514PR,9.00-2016PR,9.00R2016PR,10.00R2016PR","28/21,28/19","1250/2200,1250/2400,1250/2600,1450/2000,1450/2200,1450/2400","1810,1900,1940,1965","1800,1800,1860,1860",,"8150,8550,9000","2400,2500,2550","2650,2810,2950,3050","5800,6150,6640,6800,6950,7130","2200,2300,2400,2450","550,600",90,,"3,2",,,1.15,,东风商用车新疆有限公司,湖北省武汉市经济技术开发区东风大道10号,02***64,02***66,430056,EQ1120GZ5DJ,,,,"YC4S160-50,YC4EG160-50,ISD185 50,ISD210 50,ISB170 50,ISB180 50,ISB190 50,YC4E160-56,YC6JA180-50,YC6JA220-50","广西玉柴机器股份有限公司,广西玉柴机器股份有限公司,东风康明斯发动机有限公司,东风康明斯发动机有限公司,东风康明斯发动机有限公司,东风康明斯发动机有限公司,东风康明斯发动机有限公司,广西玉柴机器股份有限公司,广西玉柴机器股份有限公司,广西玉柴机器股份有限公司",,"3767,4730,4500,6700,5900,5900,5900,4260,6870,6870","118,118,136,155,125,132,140,118,132,162","随底盘选装驾驶室;选装驾驶室遮阳板,总长-轴距-后悬对应关系:8150-4500-2200/2400;8150-4700-2000/2200;8550-4700-2400/2600;9000-5150-2400/2600,防护材料:Q235,连接方式:左右侧面及后下部防护均采用螺栓连接,后部防护断面尺寸(mm):120×60,后防护离地高度(mm):480,ABS型号为:3631010-C2000,DP-Q24-442-3Z-0,生产厂家分别为:东科克诺尔商用车制动系统(十堰)有限公司,深圳市德平国瀚汽车电子科技有限公司.装有具有卫星定位功能的行驶记录仪"
第 332 批,HFF6739KDE5FB,安徽安凯汽车股份有限公司,第332批第320批第314批第312批第307批第306批第302批第294批第288批第282批第280批第278批,HFF6739KDE5FB,332,安凯,客车,,7600,"4750,4950,5250",柴油,"GB17691-2005国Ⅴ,GB3847-2005",2,3800,2700/4900,8/9,6,"7.50R16,215/75R17.5,7.50R16LT",16/10,1190/2290,"1830,1850","1680,1745",LJ166F5D×××××××××,7280,2250,"2840,2995",,,,"100,70",24-30,,方向盘,,,,安徽安凯汽车股份有限公司,合肥市葛淝路97号,05***53,(0***63,230051,HFC6710KY1V三类安徽江淮汽车集团股份有限公司,,,,"YC4FA130-50,WP3.7Q130E50,D30TCIE2","广西玉柴机器股份有限公司,潍柴动力扬州柴油机有限责任公司,昆明云内动力股份有限公司",,"2982,3660,2977","95,96,110","1.该车可取消顶置空调,对应的车高为2840mm;2.低配时整备质量为4750kg,中配时整备质量为4950kg,高配时整备质量为5250kg;3.可选装后视镜,车顶行李架及外摆门;4.车身左侧设置驾驶员门;5.ABS型号/生产企业:CM4XL-4S/4M/广州科密汽车电子控制技术股份有限公司,ABS-E/威伯科汽车控制系统(中国)有限公司;6.安装具有卫星定位功能的行驶记录仪;7.发动机最大净功率:90kW(YC4FA130-50),91kW(WP3.7Q130E50),105kW(D30TCIE2);8.选装另一款后视镜;9.车身两侧至少各装备1个外推式侧窗,其余侧窗可选择封闭式、推拉式或局部推拉式结构;10.可选装新款外部灯具及后视镜;11.安装限速装置,分别限速100km/h和70km/h。"
第 332 批,CYX9400Z,梁山威华机械制造有限公司,第332批第329批第326批第320批第310批第289批第280批第278批,CYX9400Z,332,华威翔运,自卸半挂车,"31500,32000",40000,"8500,8000",,,3,"6780+1310+1310,6680+1310+1310,6480+1310+1310,6280+1310+1310",-/24000(三轴组),"-/13/13/13,-/12/12/12,-/10/10/10,-/8/8/8,-/4/4/4",12,"11.00R2012PR,12R22.512PR","-/13,-/15,-/17","-/2300,-/2000,-/1800",-,1840/1840/1840,LA9961ZC×××CYX×××,"13000,12500,12000","2500,2550","2700,2900,3100,3300,3500","12850,12350,11850","2300,2350,2380,2400,2420,2450,2470",600,,,,,,,16000,梁山威华机械制造有限公司,山东省菏泽市郓城县杨庄集镇西赵庙村,05***78,05***77,274700,,,,,,,,,,"该车为侧卸,选装侧面样式,每边开数可选4开扇,5开扇,6开扇,立柱可选内插和外插,整车栏板选装竖瓦楞,横瓦楞,方管平板,方管十字花样式.选装前档板结构和后部结构.选装后部灯具样式及后部样式,选装下开门及吊开门结构,选装液压油箱安装位置,车长/牵引销至车辆最前端的距离/轴距/后悬尺寸对应关系:当车长为13000时:1300/6780+1310+1310/2300,1400/6680+1310+1310/2300,当车长为12500时:1400/6480+1310+1310/2000,1200/6680+1310+1310/2000,当车长为12000时:1300/6280+1310+1310/1800.一,ABS:型号:HNABS-4S/2M;生产厂家:山东海纳汽车科技有限公司.二,防护:防护材料均采用Q235B,与车辆连接方式为焊接.后防:离地高度为470mm,断面为140mmX55mm."
第 332 批,KMC5046XXYA33P5,山东凯马汽车制造有限公司,第332批第325批第311批第309批第306批第297批第294批第288批第281批第278批,KMC5046XXYA33P5,332,凯马,厢式运输车,"1495,1560",4495,2805,柴油,"GB17691-2005国Ⅴ,GB3847-2005",2,3300,1860/2635,"7/9+5,3/6+5,3/5+3",6,"7.50-16LT6PR,7.50R16LT8PR,8.25-16LT6PR,8.25R16LT6PR",25/18,1135/1560,"1540,1600,1680,1805,1910,1850,1760","1550,1600,1790,1654",,5995,"2100,2240,2340,2550,2440","3000,3200,3400",3830,"1960,2100,2200,2420,2300","1900,2100,2300",95,,"3,2",,,0.60,,山东凯马汽车制造有限公司,山东省寿光市广场东街288号,05***19,05***19,262700,KMC1046A33P5,,,,"D25TCIE1,4DX23-140E5,YN33CRE1,YN38CRE1,ZD30D15-5N,YNF40E2,D30TCIE1,WP3NQ160E50","昆明云内动力股份有限公司,一汽解放汽车有限公司无锡柴油机厂,昆明云内动力股份有限公司,昆明云内动力股份有限公司,东风轻型发动机有限公司,昆明云内动力股份有限公司,昆明云内动力股份有限公司,潍柴动力股份有限公司",,"2499,3857,3298,3760,2953,3920,2977,2970","105,105,85,95,110,115,115,118","车厢顶部封闭,不可开启。ABS型号:CM4XL-4S/4K(4S/4M),ABS生产企业:广州市科密汽车制动技术开发有限公司。侧,后防护装置材料为Q235,螺栓连接,后部防护装置断面尺寸:断面高150mm×断面宽50mm,离地高度为490mm。可选装H5代前围及前部灯具,可选装大反光镜,可选装2280前格栅及前保险杠。可选装分体式后视镜。可选装瓦楞厢,可选装双侧开门货厢,货厢侧门可封闭,可选装液压尾板,收起状态的水平长度280mm,尾板质量为350kg。可不装导流罩。发动机/油耗(L/100km)对应关系:D25TCIE1/12.3,4DX23-140E5/12.5,YN33CRE1/12.4,YN38CRE1/12.5,ZD30D15-5N/12.3,YNF40E2/12.2,D30TCIE1/12.5,WP3NQ160E50/12.5。可选装后尾灯框。可选装四开侧门货厢。可选装三开后门货厢。"
第 332 批,HFC5161XXYP3K1A47V,安徽江淮汽车集团股份有限公司,第332批第324批第312批第309批第302批第300批第298批第295批第291批第284批第281批第278批,HFC5161XXYP3K1A47V,332,江淮,厢式运输车,"8705,8405,8770,8470",16000,"7100,7400",柴油,"GB17691-2005国Ⅴ,GB3847-2005",2,"4700,5000,5700,5300",5600/10400,"3/4+3,3/9+7,9/9+7",6,"9.00R2016PR,10R22.516PR",18/10,"1400/2340,1400/2640,1400/2900,1400/3300","1800,1820,1870,1920,1960","1800,1860",,"8440,9040,10000",2550,3850,"6200,6800,7800","2400,2480",2500,"100,89",,"3,2",,,"1.25,1.16",,安徽江淮汽车集团股份有限公司,合肥市东流路176号,05***56,05***71,230022,HFC5161XXYP3K1A47V,,,,"WP4.165E50,YC4EG185-50,WP4.1Q160E50,YC4S160-50,JND412D190-52,YNF40E1,D45TCIE2,D45TCIE1","潍柴(潍坊)中型柴油机有限公司,广西玉柴机器股份有限公司,潍柴动力扬州柴油机有限责任公司,广西玉柴机器股份有限公司,安徽江淮纳威司达柴油发动机有限公司,昆明云内动力股份有限公司,昆明云内动力股份有限公司,昆明云内动力股份有限公司",,"4500,4730,4088,3767,4748,3920,4460,4460","121,136,115,118,140,125,147,162","1.随底盘选装前面罩,前保险杠,后视镜,前组合灯,前雾灯,导流罩,选装多种货箱形式及扶梯,车厢顶部封闭,不可开启;2.侧面及后下部防护装置连接方式为螺栓连接,选装液压尾板后防护连接方式为焊接,侧防护材料材质为Q235,后下防护材料材质均为:QSTE650,后防护离地高度为500mm,选装液压尾板后防护离地高度为470mm,断面尺寸长×宽为均为:120mm×70mm;3.安装带卫星定位功能的行驶记录仪;4.发动机WP4.165E50,YC4EG185-50,WP4.1Q160E50,YC4S160-50,JND412D190-52,YNF40E1,D45TCIE2,D45TCIE1的油耗申报值(L/100km)分别为26.5,26.5,26.5,26.5,26.5,26.5,26.5,26.5;5.ABS控制器型号/生产企业:VIEABS-II/浙江万安科技股份有限公司,CM4XL-4S/4M/广州科密汽车电子控制技术股份有限公司;6.整车外形尺寸长/货厢栏板内尺寸长/轴距/前后悬尺寸(mm)对应关系为:8440/6200/4700/1400/2340,9040/6800/5000/1400/2640,10000/7800/5700/1400/2900,9040/6800/5300/1400/2340,10000/7800/5300/1400/3300;6.选装液压尾板,尾板收起状态的水平长度290mm,起重尾板质量为545kg;7.随底盘选装高顶驾驶室."
第 332 批,SKW9381GXHB,山东盛润汽车有限公司,第332批第328批第318批第316批第313批第298批第292批第289批第275批第272批,SKW9381GXHB,332,盛润,下灰半挂车,"28800,29590",37500,"8700,7910",,,3,4350+1310+1310,-/23000(三轴组),"-/3/3/3,-/4/4/4,-/8/8/8,-/10/10/10",12,"11.00R2012PR,12R22.512PR,11R22.516PR",-/40,-/800,-,1840/1840/1840,"LA99FRG3×××SKW×××,LB99FRG3×××SKW×××,LC99FRG3×××SKW×××,LD99FRG3×××SKW×××,LE99FRG3×××SKW×××,LF99FRG3×××SKW×××","9000,8220",2500,3950,,,,,,,,,,14500,山东盛润汽车有限公司,山东省梁山县拳铺工业园区(通亚路1号),05***16,05***89,272613,,,,,,,,,,"罐体有效容积为:25.1立方米,运输介质:固井专用水泥,介质密度:1200千克/立方米,罐体长(含封头):8146mm,封头尺寸:1910mm,最大截面宽:2500mm,最大截面高:2833mm;选装无空压机组,无空压机组时外形尺寸:8220*2500*3950;选装爬梯的安装个数和位置,轮罩样式和罐体样式;带空压机组时,整备质量为8700kg,不带空压机组时,整备质量为7910kg;ABS系统生产厂家:广州市科密汽车制动技术开发有限公司,广州市西合汽车电子装备有限公司,梁山顺安达汽车科技有限公司,山东德尔福汽车科技有限公司;型号:CM2XL-4S/2K(4S/2M),XH-GQ4S2M-E01,SAD-ABS4S/2M,DEF-ABS4S/3M;侧面及后下部防护装置所用材料材质为:Q235B;连接方式为:焊接,后部防护装置的断面尺寸为(mm):120×68,离地高度为:500mm.后部不可开启,顶部封闭不可开槽.选装走台样式,选装新型机座样式,选装前方电器路接头位置,选装前气进管吊架样式及车身前部双进气管,选装后尾样式,选装前边支梁数量,选装大梁后部为弧形结构.选装前进气管道数量位置及样式,选装牵引板下沉,选装取样阀,选装下方放气阀及样式,选装后尾进气管及后出料管样式,选装后边支梁数量,选装后进气管道数量及样式,选装后尾进料口及后边支梁数量;选装车身侧面和正后企业logo."
第 332 批,CA5169XXYPK2L2E5A80-3,一汽解放青岛汽车有限公司,第332批第328批第326批第324批第321批第318批第309批第306批第302批第296批第295批第292批第288批第285批第284批第280批第277批第276批第273批,CA5169XXYPK2L2E5A80-3,332,解放,厢式运输车,"9455,9520,8855,8920",16000,"6350,6950",柴油,"GB17691-2005国Ⅴ,GB3847-2005",2,5250,5600/10400,"7/10+3,4/4+3,3/4+3,7/7+3",6,"9.00R2016PR,10R22.516PR",21/11,"1332/2413,1375/2370","1800,1912","1740,1800",,8995,2550,3995,"6650,6750","2420,2460","2620,2720","98,89",,"2,3",,,"1.51,1.30",,一汽解放青岛汽车有限公司,山东省青岛市,05***00,05***29,266043,CA1169PK2L2BE5A80,,,,"BF4M2012-16E5,BF6M2012-18E5,CA4DLD-18E5,CA4DK1-18E5,CA6DLD-22E5,CA4DH1-16E5,CA6DH1-18E5,CA6DH1-22E5,CA4DH1-18E5","中国第一汽车集团有限公司,中国第一汽车集团有限公司,一汽解放汽车有限公司无锡柴油机厂,中国第一汽车集团有限公司,一汽解放汽车有限公司无锡柴油机厂,中国第一汽车集团有限公司,中国第一汽车集团有限公司,中国第一汽车集团有限公司,中国第一汽车集团有限公司",,"4040,6060,4400,4764,6600,3800,5700,5700,3800","113,139,134,139,164,121,135,165,135","车厢顶部封闭,不可开启.选装新结构的挡泥板.选装改前脸驾驶室选装平顶驾驶室.选装半高顶驾驶室.选装新结构的保险杠.选装高顶驾驶室.选装货箱,仅结构发生变化.车厢选装液压尾板.尾板收起状态的水平长度290mm.油耗值26.2对应发动机CA4DK1-18E5,CA4DH1-16E5.油耗值26.4对应发动机CA6DLD-22E5,CA6DH1-18E5,CA6DH1-22E5.油耗值26.1,26.5,26.3分别对应发动机BF4M2012-16E5,BF6M2012-18E5,CA4DLD-18E5,CA4DH1-18E5.侧防护装置材质为R13钢,连接方式为螺栓连接,后下部防护装置材质为SS400钢,连接方式为螺栓连接,后部防护离地高度330mm,断面尺寸为120×85mm.前装具有卫星定位功能的行驶记录仪.ABS生产厂家/型号:浙江万安科技股份有限公司/VIEABS-II.前轴选装盘式制动器.选装限速装置,限速89km/h.选装新的前部灯具.尾板质量为550Kg."
第 332 批,LYL9406Z,梁山亚隆机械制造有限公司,第332批第328批第315批第292批第288批第273批,LYL9406Z,332,粱锋,自卸半挂车,"32000,32300,32500",40000,"8000,7700,7500",,,3,"4630+1310+1310,4380+1310+1310,4230+1310+1310",-/24000(三轴组),"-/12/12/12,-/10/10/10,-/8/8/8,-/4/4/4",12,"11.00R2012PR,12R22.512PR","-/20,-/21,-/22","-/1450,-/1350,-/1200",-,1840/1840/1840,LA996RZC×××SYL×××,"10000,9500,9000","2500,2550","2700,2900,3100","9850,9350,8850","2300,2340,2400,2450,2470",600,,,,,,,16000,梁山亚隆机械制造有限公司,山东省梁山县拳铺工业园区四通路6号,05***00,05***00,272613,,,,,,,,,,"该车为侧卸.侧面选装4开扇,5开扇,6开扇.立柱可选内插和外插;栏板选装竖瓦楞,方管十字花样式,选装液压油箱安装位置,选装前档样式.一,ABS:型号:SAD-ABS4S/2M;生产厂家:梁山顺安达汽车科技有限公司.二,防护材料均采用Q235B,与车身的连接方式为焊接,后下部防护装置的断面尺寸(mm):140×55,离地高度490mm."
第 332 批,HFC5043XSHP91K1C2V,安徽江淮汽车集团股份有限公司,第332批第324批第314批第304批第302批第300批第296批第292批第288批第278批第273批,HFC5043XSHP91K1C2V,332,江淮,售货车,495,4495,3805,柴油,GB17691-2005国Ⅴ,2,"3308,3365",1620/2875,"12/8+6,8/7+6,3/9+7,5/9+7,13/8+6,5/5+6,3/7+6,5/5+6,5/4+3",6,"7.00R16LT8PR,7.00-16LT8PR,7.50-16LT6PR,7.50R16LT6PR",22/18,"1100/1587,1075/1612,1100/1587,1075/1612,1075/1555","1685,1580,1620","1525,1395,1785,1705,1560,1620",,5995,"2230,2230,2450","3100,3300","4150,3820","2080,2080,2300","2000,2200",95,,3,,,,,安徽江淮汽车集团股份有限公司,合肥市东流路176号,05***56,05***71,230022,HFC1043P91K1C2V,,,,"ISF3.8s5141,WP3Q130E50,HFC4DE1-1D,NGD3.0-CS5D,JND408D143-52,HFC4DA1-2D,D30TCIE1,YN38CRE1,D25TCIE3,WP2.3NQ130E50,4B2-115C50","北京福田康明斯发动机有限公司,潍柴动力扬州柴油机有限责任公司,安徽江淮汽车集团股份有限公司,东风朝阳朝柴动力有限公司,安徽江淮纳威司达柴油发动机有限公司,安徽江淮汽车集团股份有限公司,昆明云内动力股份有限公司,昆明云内动力股份有限公司,昆明云内动力股份有限公司,潍柴动力股份有限公司,安徽全柴动力股份有限公司",,"3760,2970,2746,2968,3184,2771,2977,3760,2499,2290,2545","105,96,112,115,105,88,115,95,92,96,85","1.车厢顶部封闭,不可开启,选装不带导流罩;2.选装改前围面板,进气格栅,前保险杠,组合灯具,前雾灯,后视镜的驾驶室;3.随底盘选装排半驾驶室;4.侧面及后下部防护装置材料为Q235,连接方式为螺栓连接,后部防护装置断面尺寸(长×宽):120mm×60mm离地高度为490mm;5.选装不同样式的侧后防护,其选装的侧面及后下部防护装置材料为Al-6061,连接方式为螺栓连接,选装的后部防护装置断面尺寸(长×宽):150mm×55mm离地高度为490mm.同时选装不同样式的单杆侧防护,其选装的侧防护装置材料为Q235,连接方式为螺栓连接;6.可选装液压尾板,尾板收起状态的水平长度为280mm,当选装液压尾板时后部防护装置材料为510L,后部防护装置的断面尺寸(圆形)为:Φ115mm,离地高度为455/480mm,后防护和液压尾板联动,避免尾板工作时产生干涉,尾板质量为350Kg;;7.选装右侧双开门货厢以及单开门货厢,货厢材料可选用瓦楞板,铁平板,铝平板,彩钢板,厢内装有货台,货柜等设备;8.ABS控制器型号/厂家:VIEABS-Ⅱ/浙江万安科技股份有限公司;9.发动机ISF3.8s5141,WP3Q130E50,HFC4DE1-1D,HFC4DA1-2D,D30TCIE1,NGD3.0-CS5D对应的油耗申报值(L/100km)为12.2,12.3,12.2,12.2,12.2,12.3"
第 332 批,EQ1041L8BDB,东风汽车股份有限公司,第332批第326批第324批第319批第314批第312批第310批第307批第294批第292批第291批第287批第281批第276批,EQ1041L8BDB,332,东风,载货汽车,1750,4495,2550,柴油,"GB17691-2005国Ⅴ,GB3847-2005",2,"3308,3800",1795/2700,"8/10+7,6/6+5,3/3+3",6,"7.50R168PR,7.00R168PR,8.25R166PR",20/14,"1130/1557,1150/1537","1740,1717","1610,1586,1800,1720",,5995,"2150,2250,2550,2400,2470","2450,2470",3800,"2050,2150,2430,2300","400,550",103,,3,,,0.76,,东风汽车股份有限公司,湖北省武汉市经济技术开发区珠山湖大道663号,02***43,02***10,441004,EQ1041LJ8BDB,,,,"CY4BK151,CY4BK451,YC4FA130-50,4B2-115C50,ZD30D15-5N,D28D11-5DA,D25TCIE1,SD4D28R-83","东风朝阳朝柴动力有限公司,东风朝阳朝柴动力有限公司,广西玉柴机器股份有限公司,安徽全柴动力股份有限公司,东风轻型发动机有限公司,东风轻型发动机有限公司,昆明云内动力股份有限公司,江苏四达动力机械集团有限公司",,"3856,3707,2982,2545,2953,2771,2499,2772","105,86,95,85,110,85,105,83","随底盘选装前面罩,前保险杠,前组合灯具.ABS型号:ABS/ASR-24V-4S/4M,ABS型号厂家:襄阳东风隆诚机械有限责任公司.侧面及后下部防护装置材料为Q235,与车架采用螺栓连接,后下部防护装置断面尺寸(mm):100×50,离地尺寸450mm.CY4BK151;CY4BK451;YC4FA130-50,4B2-115C50和ZD30D15-5N;D28D11-5DA;D25TCIE1,SD4D28R-83此8款发动机的油耗均为:12.30.随底盘选装油箱左右侧安装位置.选装前盘式制动器,选装新造型前面罩和前组合灯具,选装前雾灯.选装不同结构形式的货箱.选装后视镜,选装液压尾板时,后防护安装在尾板支架上,螺栓连接,后防护与尾板联动,尾板收起状态的水平长度为230mm,尾板质量为350kg"
第 332 批,SX3310MB406,陕西汽车集团有限责任公司,第332批第326批第323批第320批第318批第317批第314批第313批第309批第300批第298批第296批第294批第292批第288批第274批,SX3310MB406,332,陕汽,自卸汽车,15370,31000,15500,柴油,"GB17691-2005国Ⅴ,GB3847-2005",4,"1800+4375+1400,1800+4175+1400,1800+3975+1400,1800+3775+1400,1800+3575+1400,1800+3375+1400,1800+2975+1400,1800+3175+1400,1800+2375+1400,1800+2775+1400,1800+2575+1400",6500/6500/18000(二轴组),"10/10/10,左14右13/左14右13/12,3/3/5,14/14/12,14/13/12,10/10/12",12,"11.00R20,12.00-2018PR,12.00R2018PR,12R22.518PR,11.00R2018PR",18/20,"1485/1950,1525/1950","1939/1939,2011/2011,2036/2036,2070/2070","1800/1800,1860/1860",,"10610,10650","2490,2550","3450,3100",7600,"2300,2350","1070,1500,1300,1100,1150",80,,2,,,1.00,,陕西汽车集团有限责任公司,西安市幸福北路39号,09***42,09***42,710043,SX3310MB6,,,,"WP7.300E51,WP10.350E53,WP12.375E50,ISM11E5 345,ISM11E5 385,WP9H336E50,WP10H350E50,WP10H375E50,WP10.336E53,WP10.310E53,WP9H310E50,WP7.270E51,WP12.400E50,WP7.340E53","潍柴动力股份有限公司,潍柴动力股份有限公司,潍柴动力股份有限公司,西安康明斯发动机有限公司,西安康明斯发动机有限公司,潍柴动力股份有限公司,潍柴动力股份有限公司,潍柴动力股份有限公司,潍柴动力股份有限公司,潍柴动力股份有限公司,潍柴动力股份有限公司,潍柴动力股份有限公司,潍柴动力股份有限公司,潍柴动力股份有限公司",,"7470,9726,11596,10800,10800,8800,9500,9500,9726,9726,8800,7470,11596,7470","220,257,276,250,280,247,257,276,247,228,228,199,294,250","1.仅在底盘轴距为1800+3975+1400(mm)上改装,整车长度和前悬一一对应;2.该车自卸方向为后翻;3.选装同系列驾驶室外观,选装同系列低顶驾驶,选装后视镜及前后部组合灯具,选装驾驶室外观,选装进气扁管,选装翼子板,选装后桥稳定杆、前面罩、前部灯具及保险杠.选装货箱栏板外观及折叠式篷布货箱.选装环保盖;选装油箱位置.选装二级上车踏板.4.侧后防护所用材料:Q235;连接方式:螺栓连接;后防护断面宽度(mm):50×120;后防护离地高度(mm):415;5.安装带卫星定位功能的行驶记录仪;6.ABS系统生产厂家及型号分别为:西安正昌电子有限责任公司(型号:ZQFB-V),广州市科密汽车制动技术开发有限公司(型号:CM4XL-4S/4K),浙江万安科技股份有限公司(型号:VIEABS-Ⅱ);7.油耗申报值均为46.9L/100km."
第 332 批,SX3250MB384,陕西汽车集团有限责任公司,第332批第326批第317批第314批第308批第306批第303批第300批第298批第293批第283批第274批,SX3250MB384,332,陕汽,自卸汽车,12370,25000,12500,柴油,"GB17691-2005国Ⅴ,GB3847-2005",3,"3575+1400,3775+1400,3975+1400,4175+1400,4375+1400,4575+1400,4975+1400",7000/18000(二轴组),"10/12,3/5,10/10",10,"11.00-2018PR,12.00-2018PR,11.00R2018PR,12.00R2016PR,12.00R2016PR/12.00R2018PR/12.00R2018PR",18/20,"1485/1700,1525/1700,1525/1600","2011,2036",1860/1860,,"8360,8400,8300","2490,2550",3450,"5600,5400","2300,2350","800,900,950,1150,1160",86,,2,,,1.00,,陕西汽车集团有限责任公司,西安市幸福北路39号,09***42,09***42,710043,SX3250MB4,,,,"WP7.300E51,WP10.350E53,WP12.375E50,ISM11E5 345,ISM11E5 385,WP9H336E50,WP10H350E50,WP10H375E50,WP10.336E53,WP10.310E53,WP9H310E50,WP7.340E53","潍柴动力股份有限公司,潍柴动力股份有限公司,潍柴动力股份有限公司,西安康明斯发动机有限公司,西安康明斯发动机有限公司,潍柴动力股份有限公司,潍柴动力股份有限公司,潍柴动力股份有限公司,潍柴动力股份有限公司,潍柴动力股份有限公司,潍柴动力股份有限公司,潍柴动力股份有限公司",,"7470,9726,11596,10800,10800,8800,9500,9500,9726,9726,8800,7470","220,257,276,250,280,247,257,276,247,228,228,250","该车仅在底盘轴距为3775+1400(mm)上改装.外形尺寸长与前悬,轴距对应关系为:8360=1485+3775+1400+1700(mm),8400=1525+3775+1400+1700(mm),8300=1525+3775+1400+1600(mm).外扩尺寸/货厢尺寸对应关系为:8300/5400,8360/5600,8400/5600.该车自卸方向为后翻.选装同系列驾驶室外观、后视镜、前面罩及保险杠.选装翼子板、上车踏板、后桥稳定杆、选装进气扁管外观.选装环保顶盖及折叠式篷布顶盖.选装整体式侧防护.侧后防护所用材料:Q235;连接方式:螺栓连接;后防护断面宽度(mm):50×120;后防护离地高度(mm):440.安装带卫星定位功能的行驶记录仪.ABS系统生产厂家及对应型号:西安正昌电子有限责任公司(型号:ZQFB-V),广州市科密汽车制动技术开发有限公司(型号:CM4XL-4S/4K),浙江万安科技股份有限公司(型号:VIEABS-Ⅱ).油耗申报值均为42.2L/100km."
第 332 批,CA5041CCYP40K17L1E5A84-1,中国第一汽车集团有限公司,第332批第325批第323批第319批第311批第310批第307批第302批第301批第298批第296批第294批第292批第288批第282批第279批第274批,CA5041CCYP40K17L1E5A84-1,332,解放,仓栅式运输车,1580,4495,2720,柴油,"GB17691-2005国Ⅴ,GB3847-2005",2,3300,2050/2445,"7/10+3,3/3+4,3/3+3,3/7+9,3/4+4,3/10+4,7/10+4",6,"7.00-1610PR,7.00R1610PR,7.50-168PR,7.50R168PR,8.25-166PR,8.25R166PR",21/17,"1150/1548,1200/1498","1650,1730,1706,1800","1540,1590,1660,1740",,5998,"2290,2470,2320,2220,2420,2550","2910,3110,3310","4210,3850","2100,2300,2200,2430","410,550",110,,3,,,0.65,,中国第一汽车集团有限公司,汽车产业开发区东风大街2259号,04***89,04***86,130011,CA1041P40K17L1BE5A84,,,,"ISF3.8s5141,4DX23-120E5,ISF3.8s5154,WP4.1Q160E50,WP3.7Q140E50","北京福田康明斯发动机有限公司,一汽解放汽车有限公司无锡柴油机厂,北京福田康明斯发动机有限公司,潍柴动力扬州柴油机有限责任公司,潍柴动力扬州柴油机有限责任公司",,"3760,3857,3760,4088,3660","105,90,115,115,103","选装同系列新前脸驾驶室.选装新的侧面结构的驾驶室.车厢底板到顶部高度为1900,2100,2300mm.选装不带导流罩驾驶室.选装新结构的导流罩.选装不同结构的后部灯具.选装新结构的后部货箱.选装新结构的货箱.选装同系列的单排驾驶室.选装不同侧窗的驾驶室.选装不同的镜子安装位置.选装新的保险杠和前雾灯.侧防护及后下部防护装置的材质为R13钢,连接方式为螺栓连接,后部防护离地高度398mm,断面尺寸为100×40mm.油耗值10.2,12.3,12.6分别对应发动机ISF3.8s5141,4DX23-120E5,ISF3.8s5154.ABS生产厂家/型号:1.浙江万安科技股份有限公司/VIEABS-II.2.广州瑞立科密汽车电子股份有限公司/CM4YL.选装液压尾板.尾板收起状态的水平长度250mm.选装新前脸驾驶室.选装不同的侧门结构.尾板质量为340Kg.后防护和液压尾板联动,避免尾板工作时产生干涉."
第 332 批,HFC5251XXYP2K2D46S3V,安徽江淮汽车集团股份有限公司,第332批第319批第308批第302批第298批第291批第287批第283批第277批第274批,HFC5251XXYP2K2D46S3V,332,江淮,厢式运输车,"14805,14870",25000,10000,柴油,"GB17691-2005国Ⅴ,GB3847-2005",3,1700+4600,7000/7000/11000,"3/3/9+7,9/9/9+7,3/3/4+3,2/2/4+3,2/2/9+7",8,"11.00R20,12R22.5",17/10,1495/2525,2040/2040,"1840,1860",,10320,2550,3990,7800,"2400,2480",2500,"95,89",,"3,2",,,1.50,,安徽江淮汽车集团股份有限公司,合肥市东流路176号,05***56,05***71,230022,HFC1251P2K2D46S3V,,,,"WP6.200E50,WP6.245E50,WP7.270E51","潍柴(潍坊)中型柴油机有限公司,潍柴(潍坊)中型柴油机有限公司,潍柴动力股份有限公司",,"6750,6750,7470","147,180,199","1.随底盘选装驾驶室,导流罩和后视镜,选装多种货箱形式,车厢顶部封闭,不可开启,该车可选装尾板,尾板质量为545kg,尾板收起状态的水平长度(mm)为290;2.侧面及后下部防护装置连接方式为螺栓连接,选装液压尾板的后下部防护装置连接方式为焊接,侧防护装置材料材质为:Q235,后防护装置材料材质为:QSTE650,后防护离地高度为500mm,选装液压尾板的后防护离地高度为425mm,断面尺寸长×宽均为:150mm×75mm;3.安装带卫星定位功能的行驶记录仪;4.发动机WP6.200E50,WP6.245E50,WP7.270E51的油耗申报值(L/100km)分别为35.5,35.5,35.5;5.ABS控制器型号/生产企业:VIEABS-II/浙江万安科技股份有限公司,CM4XL-4S/4M/广州瑞立科密汽车电子股份有限公司;6.选装前雾灯,前组合灯,前保险杠,前面罩,选装三级踏步."
第 332 批,SHS9400Z,山东梁山华昇专用车制造有限公司,第332批第328批第324批第315批第292批第288批第274批,SHS9400Z,332,梁昇,自卸半挂车,"31800,32200",40000,"8200,7800",,,3,"6880+1310+1310,6780+1310+1310,6680+1310+1310,6480+1310+1310,6280+1310+1310",-/24000(三轴组),"-/13/13/13,-/10/10/10,-/8/8/8,-/4/4/4",12,"11.00R2012PR,12R22.512PR","-/14,-/16,-/18","-/2300,-/2100,-/1800",-,1840/1840/1840,"LA99FRZ3×××SHS×××,LA99FRZ3×××ZBS×××,LA99FRZ3×××HRR×××","13000,12500,12000","2500,2550","3600,3400,3200,3100,2900,1600","12850,12840,12350,11850","2320,2340,2360,2380,2400,2420,2460,2480,2510","600,550",,,,,,,16000,山东梁山华昇专用车制造有限公司,梁山县梁山街道办事处华宇路中王村1000米,05***68,05***66,272600,,,,,,,,,,"该车自卸方式为侧卸,选装下开门与吊开门结构.整车栏板选装横,竖瓦楞,方管十字花样式及侧面分别为4开扇,5开扇,6开扇,立柱可选装内插,外插样式.选装大梁异形孔结构,选装前档板结构,选装后部结构,一,ABS:型号:HNABS4S/4M;生产厂家:梁山海纳电子科技发展有限公司.二,防护:防护材料均采用Q235B,与车辆连接方式为焊接.后防护截面尺寸(mm):140X55:离地高度为480mm"
第 332 批,HFC1251P2K3D54S1V,安徽江淮汽车集团股份有限公司,第332批第319批第304批第302批第297批第291批第287批第283批第280批第277批第274批,HFC1251P2K3D54S1V,332,江淮,载货汽车,"15505,15570",25000,9300,柴油,"GB17691-2005国Ⅴ,GB3847-2005",3,1900+5400,7000/7000/11000,"3/3/9+7,9/9/9+7,3/3/4+3",8,"11.00R2018PR,12R22.518PR",17/10,1495/3205,2040/2040,"1840,1860",,12000,"2500,2550","3310,3680,3695,3440,3830",9500,"2400,2460","800,600","95,89",,"3,2",,,1.68,,安徽江淮汽车集团股份有限公司,合肥市东流路176号,05***56,05***71,230022,HFC1251P2K3D54S1V,,,,"CA6DLD-22E5,CA6DLD-24E5,CA6DL1-26E5,CA6DL1-29E5,CA6DLD-26E5","一汽解放汽车有限公司无锡柴油机厂,一汽解放汽车有限公司无锡柴油机厂,中国第一汽车集团公司,中国第一汽车集团公司,一汽解放汽车有限公司无锡柴油机厂",,"6600,6600,7698,7698,6600","164,179,195,216,194","1.随底盘选装驾驶室,导流罩和后视镜,选装三级脚踏板,选装前面罩颜色和顶部喷涂字体,选装半高顶驾驶室整车高度为3310,3440mm,半高顶驾驶室选装导流罩整车高度为3695mm,高顶驾驶室整车高度为3680,3830mm;2.侧面及后下部防护装置连接方式为螺栓连接,侧面防护材料材质为Q235,后下部防护装置材料材质为QSTE650,后防护离地高度为500mm,断面尺寸长×宽为:150mm×75mm;3.安装带卫星定位功能的行驶记录仪;4.发动机CA6DLD-22E5,CA6DLD-24E5,CA6DL1-26E5,CA6DL1-29E5,CA6DLD-26E5的油耗申报值(L/100km)分别为35.5,35.5,35.5,35.5,35.5;5.ABS控制器型号/生产企业:VIEABS-II/浙江万安科技股份有限公司,CM4XL-4S/4M/广州瑞立科密汽车电子股份有限公司;6.选装前面罩,前组合灯,前示廓灯,前雾灯,前保险杠;7.选装货箱外观形式及扶梯,选装侧后防护,选装号牌板,选装右侧油箱位置."
第 332 批,YFZ9400TPB,山东建宇特种车辆有限公司,第332批第325批第292批第274批,YFZ9400TPB,332,路飞,平板运输半挂车,"32000,32500,31750",40000,"8000,7500,8250",,,3,"6780+1310+1310,7080+1310+1310,7450+1310+1310",-/24000(三轴组),"-/3/3/3,-/4/4/4,-/8/8/8,-/10/10/10,-/13/13/13",12,"11.00R2012PR,12R22.512PR","-/14,-/15,-/17","-/2200,-/2130,-/1830",-,1840/1840/1840,"LA9940P3×××FFZ×××,LA9940P3×××ZFZ×××","13000,12500,12000","2500,2550","1550,1600,1650,2180,2780,3180,3380,3580,3780,3980",,,,,,,,,,16000,山东建宇特种车辆有限公司,山东省郓城县日东高速公路随官屯养护工区,05***88,05***55,274721,,,,,,,,,,"该车应在两侧及后部粘帖反光标示,选装不带前档,选装前档板样式和后部样式.当长度为13000mm时外形尺寸(mm)轴距(mm)整备质量(kg)对应关系分别为:13000/6780+1310+1310,7080+1310+1310,7450+1310+1310/8250,8000,7500:当长度为12500mm时外形尺寸(mm)轴距(mm)整备质量(kg)对应关系分别为;12500/6780+1310+1310,7080+1310+1310,7450+1310+1310/8250,8000,7500;当长度为12000mm时外形尺寸(mm)轴距(mm)整备质量(kg)对应关系分别为:12000/6780+1310+1310/8000,7500,防护装置所用材料为Q235,均采用电焊连接方式,后防护截面尺寸(mm)为:140X55,离地高度为:490mm,ABS系统生产厂家为:山东海纳汽车科技有限公司,广州瑞立科密汽车电子股份有限公司,威伯科(上海)管理有限公司,ABS型号规格为:HNABS4S/2m-4S/4m,CM2XL-4S/2M,4005000880."
第 331 批,BJ1041V8ADA-A1,北汽福田汽车股份有限公司,第331批第328批第326批第312批第299批第297批第289批第285批第279批,BJ1041V8ADA-A1,331,福田,载货汽车,"1495,1430",4245,2425,柴油,"GB17691-2005国Ⅴ,GB3847-2005",2,3360,1485/2760,3+1/6+7,6,"6.50R168PR,7.00R168PR,7.50R166PR",21/17,"1085/1550,1120/1515",1530,1485,,5995,2000,2320,3220,1900,400,95,,"2+3,3+3",,,0.75,,北汽福田汽车股份有限公司,北京市昌平区沙河镇沙阳路,01***01,01***02,102206,BJ1041V8ADA-A1,,,,"4J28TC3,ISF2.8s5129T","北汽福田汽车股份有限公司,北京福田康明斯发动机有限公司",,"2771,2780","81,96","可选装新保险杠;侧面防护装置材料为冷板B-2.0,后下部防护装置材料为20-D-1-100×50×3,均为螺栓连接.后防护装置截面尺寸100mm×50mm,离地高度480mm.ABS系统型号:ECU:4460046210,电磁阀:4721950660;生产企业:威伯科汽车控制系统(中国)有限公司.APG3550500A5;生产企业:浙江亚太汽车底盘系统有限公司.ABS系统型号:YF8;生产企业:武汉元丰汽车电控系统有限公司;ABS系统型号:ABS-VI.E;生产企业:广州瑞立科密汽车电子股份有限公司;发动机4J28TC3,ISF2.8s5129T对应的油耗值分别为12.5,12.4;选装后视镜型式;选装反光标识粘贴位置"
第 331 批,HCQ5089TQZCBJ5,湖北五环专用汽车有限公司,第331批第326批第316批第314批第311批第299批第279批,HCQ5089TQZCBJ5,331,华通,清障车,,8280,4985,柴油,"GB17691-2005国Ⅴ,GB3847-2005",2,"3360,3800,4200",3000/5280,"3+1/6+7,9/11+7,3/6+7,3/8+6,3/4+3,6+1/9+7",6,"7.50-16LT14PR,7.50R16LT14PR,8.25-16LT16PR,8.25R16LT14PR,235/75R17.514PR",22/12,1120/2460,"1730,1685,1665,1710,1590,1705","1590,1615,1630,1485,1680,1800",,7490,"2300,2400",2500,,,,95,,3,,,,,湖北五环专用汽车有限公司,湖北省公安县斗湖堤镇荆江大道164号,07***52,(0***48,434300,BJ5089XXY-FA,,,,"ISF3.8s5141,ISF3.8s5154,ISF3.8E6154","北京福田康明斯发动机有限公司,北京福田康明斯发动机有限公司,北京福田康明斯发动机有限公司",,"3760,3760,3760","105,115,115","此车用于道路清障,专用装置为:托举臂。托举质量:3100kg,后伸110mm;随底盘选装前围及灯具;选装带下防护驾驶室,选装摆臂平板、后拦板和无后托臂。防护装置材料:Q235,连接方式:螺栓连接;后防护装置由车身结构替代,离地高度为400mm。ABS厂家:威伯科汽车控制系统(中国)有限公司,ABS型号:44600XXXX0;ABS系统型号:ABS-VI.E。"
第 331 批,SC6795XC1G5,河北长安汽车有限公司,第331批第329批第306批第297批第290批第280批,SC6795XC1G5,331,长安,幼儿专用校车,,7315,"5000,5150",柴油,"GB17691-2005国Ⅴ,GB3847-2005",2,4600,2900/4415,9/10,6,215/75R17.5,26/13,980/2365,1862,1586,"LS4AHU4T×××××××××,LS4AHU4Y×××××××××",7945,2300,"2800,2950",,,,80,32-45,,方向盘,,,,河北长安汽车有限公司,河北省定州市定曲路,03***79,(0***47,073000,SC6780DCG5三类河北长安汽车有限公司,,,,"YC4FA130-50,4DX23-130E5","广西玉柴机器股份有限公司,一汽解放汽车有限公司无锡柴油机厂",,"2982,3857","95,97.5","1,选装全封闭式侧窗玻璃,摆门,选装其它形式的后围、侧围造型;2,选装后部安全门,灯箱路牌;3,该车型安装带GPS功能的行驶记录仪;4,选装安装空调时该车型整备质量为5150kg,车身高度为2950mm;6,安装停车示意臂,校车标志灯;7,ABS控制器型号/生产企业:3550D-1010/3550B-0010/东科克诺尔商用车制动系统(十堰)有限公司,.CM4XL-4S/4M/广州瑞立科密汽车电子股份有限公司;8,选装YC4FA130-50发动机时,发动机净功率为90kW,选装4DX23-130E5发动机时,发动机净功率为95.5kW。"
第 331 批,BJ5046XXY-BB,北汽福田汽车股份有限公司,第331批第326批第309批第295批第286批第280批,BJ5046XXY-BB,331,福田,厢式运输车,1495,4330,2705,柴油,"GB17691-2005国Ⅴ,GB3847-2005",2,3360,1730/2600,4/6+7,6,"7.00R16LT8PR,7.00-16LT8PR,6.50R16LT12PR,6.50-16LT12PR",21/18,1130/1505,1525,1485,,5995,"2050,2170","2970,3070",3770,"1900,2020","1900,2000",95,,2,,,0.60,,北汽福田汽车股份有限公司,北京市昌平区沙河镇沙阳路,01***01,01***02,102206,BJ1046V9PDA-BB,,,,"4B2-115C50,4J28TC3,YN27CRE1,4B2-110C55","安徽全柴动力股份有限公司,北汽福田汽车股份有限公司,昆明云内动力股份有限公司,安徽全柴动力股份有限公司",,"2545,2771,2672,2545","85,81,70,80","货厢顶部封闭不可开启,选装导流罩,选装前部LOGO,选装新风格后视镜.喷涂参数位置可根据各地政策变化,ABS系统控制方式:4S/4M,ABS系统控制器型号:CM4XL-4S/4M,ABS系统控制器生产企业:广州科密汽车电子控制技术股份有限公司.侧/后防护栏材料为:Q235,后防护截面尺寸为100×50mm,联结方式均为螺栓联结,后防护离地尺寸为:420,450,470mm.发动机4B2-115C50,4J28TC3,YN27CRE1,4B2-110C55对应的油耗值分别为12.2,12.3,12.3,12.2.选装前部LOGO.选装彩涂板无侧开门风格货厢,选装彩涂板侧单开门风格货厢,选装彩涂板侧双开门风格货厢,选装瓦楞板无侧开门风格货厢,选装瓦楞板侧单开门风格货厢,选装瓦楞板侧双开门风格货厢."
第 331 批,SC6955XCG5,河北长安汽车有限公司,第331批第329批第306批第301批第297批第293批第286批第280批,SC6955XCG5,331,长安,小学生专用校车,,9500,"6100,5920",柴油,"GB17691-2005国Ⅴ,GB3847-2005",2,5400,3500/6000,9/11,6,235/75R17.5,21/10,990/3150,1875,1640,"LS4ALU4Y×××××××××,LS4ALU4Y×××××××××,LS4ALU4Y×××××××××,LS4ALU4V×××××××××",9540,2280,"2870,3000",,,,80,32-56,,方向盘,,,,河北长安汽车有限公司,河北省定州市定曲路,03***79,(0***47,073000,SC6910DCG5三类河北长安汽车有限公司,,,,"YC4S150-50,WP4.1Q160E50","广西玉柴机器股份有限公司,潍柴动力扬州柴油机有限责任公司",,"3767,4088","110,115","1,选装全封闭式侧窗玻璃,推拉侧窗,摆门,选装其它形式的后围造型;2,该车型安装带GPS功能的行驶记录仪;3,选装去掉顶置空调时该车型整备质量为5920kg,车身高度为2870mm;4、选装前后路牌,选装其他形式外后视镜、补盲镜。5,安装停车示意臂,校车标志灯;6、选装另一型式倒车镜;7,安装广州瑞立科密汽车电子股份有限公司的CM4XL-4S/4M型ABS;8:,选装YC4S150-50发动机时净功率为105KW,选装WP4.1Q160E50发动机净功率为110kW。"
第 331 批,HFC5100XXYP91K1D3V,安徽江淮汽车集团股份有限公司,第331批第326批第311批第302批第296批第292批第290批第285批第280批,HFC5100XXYP91K1D3V,331,江淮,厢式运输车,4995,9995,4805,柴油,"GB17691-2005国Ⅴ,GB3847-2005",2,4550,3600/6395,9/8+7,6,"8.25-16LT16PR,8.25R16LT16PR",25/15,"1085/2495,1085/2795,1055/2525,1055/2825",1665,1630,,"8130,8430","2260,2550,2450","3430,3630","6200,5850","2110,2420,2300","2200,2400",90,,3,,,1.08,,安徽江淮汽车集团股份有限公司,合肥市东流路176号,05***56,05***71,230022,HFC1100P91K1D3V,,,,ISF3.8s5154,北京福田康明斯发动机有限公司,,3760,115,"1.车厢顶部封闭不可开启,选装不带导流罩;2.选装右侧双开门,单开门以及不开门货厢,货厢材料可选用瓦楞板,铁平板,铝平板,彩钢板,选装货厢后部风格;3.选装排半驾驶室;4.选装改前围面板,进气格栅,前保险杠,组合灯具,前雾灯,后视镜的驾驶室;5.发动机ISF3.8s5154对应的油耗申报值(L/100km)为20.3;6.侧面及后下部防护装置材料为Q235,连接方式为螺栓连接,后部防护装置断面尺寸(长×宽):150mm×60mm,离地高度为490mm;8.ABS控制器厂家/型号:广州科密汽车电子控制技术股份有限公司/CM4XL-4S/4K(4S/4M);9.选装半高顶.10.可选装液压尾板,尾板收起状态的水平长度为300mm,当选装液压尾板时后部防护装置材料为510L,连接方式为螺栓连接,后部防护装置断面尺寸(圆形):Φ113mm,离地高度为480mm,后防护和液压尾板联动,避免尾板工作时产生干涉,选装的液压尾板重量450KG;"
第 331 批,HFV9350GYY,湖北海立美达汽车有限公司,第331批第326批第313批第312批第309批第292批第280批,HFV9350GYY,331,欧曼,运油半挂车,26600,35000,8400,,,2,4800+1310,-/18000(二轴组),-/-/-,8,"11.00R2012PR,12R22.512PR",-/21,-/1450,,1840/1840,LA9NBG7B×××LH1×××,8750,2500,3650,,,,,,,,,,17000,湖北海立美达汽车有限公司,湖北省枣阳市新华路56号,07***35,07***38,441200,,,,,,,,,,"罐体外形尺寸(长×长轴×短轴)(mm):8470×2496×2080,罐体有效容积:33.5立方米.危险货物运输车辆的类型为:FL型车辆,类项号:第3类,ABS系统控制器生产企业:广州瑞立科密汽车电子股份有限公司,ABS系统控制器型号:CM2XL-4S/2M,选装ABS系统控制器生产企业:威伯科汽车控制系统(中国)有限公司,ABS系统控制器型号:4005000880.侧,后防护材质均采用Q235B,连接方式均为螺栓连接式,后防护离地高度为480mm,后部防护装置的断面尺寸(mm):124×64.采用适用于牵引危险品运输半挂车的牵引车.选装前部接线盒和侧部操作箱结构."
第 331 批,EQ6502WABDA,东风汽车股份有限公司,第331批第326批第310批第302批第288批第283批第280批,EQ6502WABDA,331,东风,客车,,3510,"2300,2340",柴油,"GB17691-2005国Ⅴ,GB3847-2005",2,3100,1530/1980,-/2+1,4,"215/75R16C,215/75R16LT",23/25,915/985,1734,1728,LGFB6A2F×××××××××,5000,2036,2375,,,,100,10-13,,方向盘,,,,东风汽车股份有限公司,湖北省武汉市经济技术开发区珠山湖大道663号,02***43,02***10,441004,承载式车身,,,,ZD30D14-5N;ZD25D14-5N,"东风轻型发动机有限公司,东风轻型发动机有限公司",,"2953,2499","105,100","ABS型号:MK70MXT,ABS生产厂家:大陆泰密克汽车系统(上海)有限公司;ZD30D14-5N发动机的最大净功率为98kW,对应油耗值10.6L/100km;ZD25D14-5N发动机净功率93kw,对应油耗值10.6L/100km.该车应装限速装置,限速100.安装有卫星定位功能的行驶记录仪.选装尾部可拆卸后踏板.选装前雾灯,选装侧面防擦条.选装黑色前保险杠.选装铝合金轮毂,车轮装饰罩.选装推拉窗和新型轮辋结构.选装新型前格栅,选装新动力标牌,选装其他形式玻璃.ABS厂家及型号:襄阳东风隆诚机械有限责任公司/ABS/ASR-12V-4S/4M."
